PARTICIPANT,SESSION,DATE,GENDER,AGE,CAPTCHA_SAMPLE_enjoymenT,CAPTCHA_SAMPLE_time,CAPTCHA_SAMPLE_attempts,CAPTCHA_SAMPLE_successes,dv_CAPTCHAS_ATTEMPTED,dv_CAPTCHAS_COMPLETED,DV_TOTAL_CAPTCHA_TIME,DV_TOTAL_CAPTCHA_TIME,dv_MEAN_TIME_PER_CAPTCHA,IV_GATORS_pers_pos,IV_GATORS_soc_pos,IV_GATORS_pers_neg,IV_GATORS_soc_neg,IV_GATORS_pos,IV_GATORS_neg,IV_IDAQ,IV_EMPATHY,iv_MENTACY_BELIEF,iv_BELIEF_CONFIDENCE,IV_MENTACY_CONFIDENCE,GATORS_POS_1,GATORS_POS_2,GATORS_POS_3,GATORS_POS_4,GATORS_POS_5,GATORS_POS_6,GATORS_POS_7,GATORS_POS_8,GATORS_POS_9,GATORS_POS_10,GATORS_NEG_1,GATORS_NEG_2,GATORS_NEG_3,GATORS_NEG_4,GATORS_NEG_5,GATORS_NEG_6,GATORS_NEG_7,GATORS_NEG_8,GATORS_NEG_9,GATORS_NEG_10,IDAQ_1,IDAQ_2,IDAQ_3,IDAQ_4,IDAQ_5,IDAQ_6,IDAQ_7,IDAQ_8,IDAQ_9,IDAQ_10,IDAQ_11,IDAQ_12,IDAQ_13,IDAQ_14,IDAQ_15
2,2,01/12/25,F,28,,,,,0,0,0,0,0,20,22,-25,-16,21,-20.5,2,2,1,2,2,,,,,,,,,,,,,,,,,,,,,,,,,,,,,,,,,,,
4,4,01/14/25,M,21,,,,,0,0,0,0,0,32,15,-9,-8,23.5,-8.5,4,1,-1,5,-5,,,,,,,,,,,,,,,,,,,,,,,,,,,,,,,,,,,
5,5,01/15/25,M,25,,,,,0,0,0,0,0,24,10,-30,-19,17,-24.5,10,2,-1,6,-6,,,,,,,,,,,,,,,,,,,,,,,,,,,,,,,,,,,
6,6,01/16/25,F,23,,,,,0,0,0,0,0,20,21,-35,-26,20.5,-30.5,4,3,-1,6,-6,,,,,,,,,,,,,,,,,,,,,,,,,,,,,,,,,,,
7,7,01/17/25,M,32,,,,,0,0,0,0,0,9,35,-16,-27,22,-21.5,5,3,1,1,1,,,,,,,,,,,,,,,,,,,,,,,,,,,,,,,,,,,
9,9,01/19/25,M,40,,,,,0,0,0,0,0,31,11,-26,-28,21,-27,8,4,-1,7,-7,,,,,,,,,,,,,,,,,,,,,,,,,,,,,,,,,,,
11,11,01/21/25,F,27,,,,,0,0,0,0,0,15,28,-33,-26,21.5,-29.5,5,7,-1,6,-6,,,,,,,,,,,,,,,,,,,,,,,,,,,,,,,,,,,
13,13,01/23/25,M,42,,,,,0,0,0,0,0,11,21,-13,-28,16,-20.5,1,2,-1,5,-5,,,,,,,,,,,,,,,,,,,,,,,,,,,,,,,,,,,
17,17,01/27/25,M,39,,,,,0,0,0,0,0,12,31,-26,-27,21.5,-26.5,10,6,1,2,2,,,,,,,,,,,,,,,,,,,,,,,,,,,,,,,,,,,
18,18,01/28/25,F,19,,,,,0,0,0,0,0,21,33,-7,-9,27,-8,6,7,-1,5,-5,,,,,,,,,,,,,,,,,,,,,,,,,,,,,,,,,,,
19,19,01/29/25,M,25,,,,,0,0,0,0,0,23,21,-22,-24,22,-23,2,7,-1,6,-6,,,,,,,,,,,,,,,,,,,,,,,,,,,,,,,,,,,
20,20,01/30/25,M,42,,,,,0,0,0,0,0,29,7,-33,-24,18,-28.5,2,6,-1,6,-6,,,,,,,,,,,,,,,,,,,,,,,,,,,,,,,,,,,
23,23,02/02/25,F,31,,,,,0,0,0,0,0,22,13,-29,-25,17.5,-27,1,5,1,2,2,,,,,,,,,,,,,,,,,,,,,,,,,,,,,,,,,,,
24,24,02/03/25,M,25,,,,,0,0,0,0,0,9,32,-22,-15,20.5,-18.5,7,1,-1,5,-5,,,,,,,,,,,,,,,,,,,,,,,,,,,,,,,,,,,
26,26,02/05/25,M,22,,,,,0,0,0,0,0,13,34,-14,-10,23.5,-12,7,2,-1,6,-6,,,,,,,,,,,,,,,,,,,,,,,,,,,,,,,,,,,
27,27,02/06/25,F,41,,,,,0,0,0,0,0,8,21,-21,-20,14.5,-20.5,10,7,-1,5,-5,,,,,,,,,,,,,,,,,,,,,,,,,,,,,,,,,,,
28,28,02/07/25,M,35,,,,,0,0,0,0,0,26,10,-29,-12,18,-20.5,7,6,1,2,2,,,,,,,,,,,,,,,,,,,,,,,,,,,,,,,,,,,
29,29,02/08/25,M,29,,,,,0,0,0,0,0,19,32,-16,-7,25.5,-11.5,3,7,-1,5,-5,,,,,,,,,,,,,,,,,,,,,,,,,,,,,,,,,,,
31,31,02/10/25,F,33,,,,,0,0,0,0,0,20,14,-34,-10,17,-22,1,3,-1,5,-5,,,,,,,,,,,,,,,,,,,,,,,,,,,,,,,,,,,
38,38,02/17/25,M,34,,,,,0,0,0,0,0,20,35,-8,-15,27.5,-11.5,10,7,-1,5,-5,,,,,,,,,,,,,,,,,,,,,,,,,,,,,,,,,,,
43,43,02/22/25,M,30,,,,,0,0,0,0,0,13,18,-22,-21,15.5,-21.5,4,5,1,3,3,,,,,,,,,,,,,,,,,,,,,,,,,,,,,,,,,,,
45,45,02/24/25,F,37,,,,,0,0,0,0,0,23,7,-30,-28,15,-29,9,6,-1,7,-7,,,,,,,,,,,,,,,,,,,,,,,,,,,,,,,,,,,
51,51,03/02/25,M,28,,,,,0,0,0,0,0,30,18,-29,-20,24,-24.5,2,7,-1,7,-7,,,,,,,,,,,,,,,,,,,,,,,,,,,,,,,,,,,
58,58,03/09/25,M,25,,,,,0,0,0,0,0,25,7,-35,-7,16,-21,2,2,-1,6,-6,,,,,,,,,,,,,,,,,,,,,,,,,,,,,,,,,,,
62,62,03/13/25,F,30,,,,,0,0,0,0,0,30,16,-22,-31,23,-26.5,4,7,1,2,2,,,,,,,,,,,,,,,,,,,,,,,,,,,,,,,,,,,
63,63,03/14/25,M,26,,,,,0,0,0,0,0,14,21,-30,-11,17.5,-20.5,9,2,-1,7,-7,,,,,,,,,,,,,,,,,,,,,,,,,,,,,,,,,,,
64,64,03/15/25,M,37,,,,,0,0,0,0,0,15,17,-14,-17,16,-15.5,6,5,-1,5,-5,,,,,,,,,,,,,,,,,,,,,,,,,,,,,,,,,,,
65,65,03/16/25,F,19,,,,,0,0,0,0,0,19,7,-34,-27,13,-30.5,3,4,-1,6,-6,,,,,,,,,,,,,,,,,,,,,,,,,,,,,,,,,,,
71,71,03/22/25,M,19,,,,,0,0,0,0,0,21,17,-8,-33,19,-20.5,8,4,1,3,3,,,,,,,,,,,,,,,,,,,,,,,,,,,,,,,,,,,
72,72,03/23/25,M,34,,,,,0,0,0,0,0,19,12,-34,-27,15.5,-30.5,8,7,-1,6,-6,,,,,,,,,,,,,,,,,,,,,,,,,,,,,,,,,,,
75,75,03/26/25,F,19,,,,,0,0,0,0,0,12,17,-10,-30,14.5,-20,5,7,-1,7,-7,,,,,,,,,,,,,,,,,,,,,,,,,,,,,,,,,,,
76,76,03/27/25,M,27,,,,,0,0,0,0,0,24,22,-35,-12,23,-23.5,8,1,-1,5,-5,,,,,,,,,,,,,,,,,,,,,,,,,,,,,,,,,,,
82,82,04/02/25,M,40,,,,,0,0,0,0,0,34,20,-22,-8,27,-15,6,4,1,3,3,,,,,,,,,,,,,,,,,,,,,,,,,,,,,,,,,,,
88,88,04/08/25,F,42,,,,,0,0,0,0,0,33,34,-34,-13,33.5,-23.5,3,4,-1,6,-6,,,,,,,,,,,,,,,,,,,,,,,,,,,,,,,,,,,
89,89,04/09/25,M,41,,,,,0,0,0,0,0,33,34,-27,-32,33.5,-29.5,9,2,-1,6,-6,,,,,,,,,,,,,,,,,,,,,,,,,,,,,,,,,,,
90,90,04/10/25,M,32,,,,,0,0,0,0,0,13,35,-8,-7,24,-7.5,9,1,-1,6,-6,,,,,,,,,,,,,,,,,,,,,,,,,,,,,,,,,,,
92,92,04/12/25,F,30,,,,,0,0,0,0,0,11,21,-27,-31,16,-29,4,1,1,3,3,,,,,,,,,,,,,,,,,,,,,,,,,,,,,,,,,,,
93,93,04/13/25,M,26,,,,,0,0,0,0,0,21,22,-14,-25,21.5,-19.5,4,3,-1,7,-7,,,,,,,,,,,,,,,,,,,,,,,,,,,,,,,,,,,
98,98,04/18/25,M,19,,,,,0,0,0,0,0,24,11,-19,-26,17.5,-22.5,4,2,-1,5,-5,,,,,,,,,,,,,,,,,,,,,,,,,,,,,,,,,,,
101,101,04/21/25,F,32,,,,,0,0,0,0,0,29,25,-33,-31,27,-32,3,5,-1,6,-6,,,,,,,,,,,,,,,,,,,,,,,,,,,,,,,,,,,
102,102,04/22/25,M,19,,,,,0,0,0,0,0,29,19,-35,-32,24,-33.5,10,5,1,2,2,,,,,,,,,,,,,,,,,,,,,,,,,,,,,,,,,,,
103,103,04/23/25,M,40,,,,,0,0,0,0,0,35,30,-13,-7,32.5,-10,2,6,-1,7,-7,,,,,,,,,,,,,,,,,,,,,,,,,,,,,,,,,,,
106,106,04/26/25,F,26,,,,,0,0,0,0,0,25,21,-14,-22,23,-18,1,2,-1,5,-5,,,,,,,,,,,,,,,,,,,,,,,,,,,,,,,,,,,
107,107,04/27/25,M,40,,,,,0,0,0,0,0,32,19,-8,-26,25.5,-17,10,2,-1,5,-5,,,,,,,,,,,,,,,,,,,,,,,,,,,,,,,,,,,
109,109,04/29/25,M,22,,,,,0,0,0,0,0,9,28,-9,-7,18.5,-8,8,3,1,1,1,,,,,,,,,,,,,,,,,,,,,,,,,,,,,,,,,,,
112,112,05/02/25,F,31,,,,,0,0,0,0,0,30,29,-17,-29,29.5,-23,8,6,-1,7,-7,,,,,,,,,,,,,,,,,,,,,,,,,,,,,,,,,,,
115,115,05/05/25,M,41,,,,,0,0,0,0,0,29,25,-33,-31,27,-32,9,1,-1,7,-7,,,,,,,,,,,,,,,,,,,,,,,,,,,,,,,,,,,
118,118,05/08/25,M,28,,,,,0,0,0,0,0,16,17,-30,-29,16.5,-29.5,2,1,-1,6,-6,,,,,,,,,,,,,,,,,,,,,,,,,,,,,,,,,,,
119,119,05/09/25,F,36,,,,,0,0,0,0,0,25,32,-20,-7,28.5,-13.5,8,4,1,3,3,,,,,,,,,,,,,,,,,,,,,,,,,,,,,,,,,,,
121,121,05/11/25,M,39,,,,,0,0,0,0,0,23,9,-14,-14,16,-14,3,1,-1,7,-7,,,,,,,,,,,,,,,,,,,,,,,,,,,,,,,,,,,
122,122,05/12/25,M,36,,,,,0,0,0,0,0,32,19,-14,-32,25.5,-23,9,7,-1,7,-7,,,,,,,,,,,,,,,,,,,,,,,,,,,,,,,,,,,
124,124,05/14/25,F,19,,,,,0,0,0,0,0,12,32,-31,-34,22,-32.5,10,3,-1,7,-7,,,,,,,,,,,,,,,,,,,,,,,,,,,,,,,,,,,
125,125,05/15/25,M,42,,,,,0,0,0,0,0,9,34,-32,-11,21.5,-21.5,8,1,1,1,1,,,,,,,,,,,,,,,,,,,,,,,,,,,,,,,,,,,
127,127,05/17/25,M,31,,,,,0,0,0,0,0,12,14,-27,-33,13,-30,6,3,-1,7,-7,,,,,,,,,,,,,,,,,,,,,,,,,,,,,,,,,,,
128,128,05/18/25,F,40,,,,,0,0,0,0,0,19,28,-28,-16,23.5,-22,7,1,-1,7,-7,,,,,,,,,,,,,,,,,,,,,,,,,,,,,,,,,,,
135,135,05/25/25,M,42,,,,,0,0,0,0,0,8,32,-35,-29,20,-32,10,1,-1,7,-7,,,,,,,,,,,,,,,,,,,,,,,,,,,,,,,,,,,
138,138,05/28/25,M,35,,,,,0,0,0,0,0,17,7,-35,-34,12,-34.5,6,2,1,3,3,,,,,,,,,,,,,,,,,,,,,,,,,,,,,,,,,,,
139,139,05/29/25,F,27,,,,,0,0,0,0,0,16,10,-24,-32,13,-28,4,7,-1,6,-6,,,,,,,,,,,,,,,,,,,,,,,,,,,,,,,,,,,
142,142,06/01/25,M,37,,,,,0,0,0,0,0,29,19,-24,-16,24,-20,4,5,-1,5,-5,,,,,,,,,,,,,,,,,,,,,,,,,,,,,,,,,,,
144,144,06/03/25,M,40,,,,,0,0,0,0,0,24,19,-11,-23,21.5,-17,6,1,-1,7,-7,,,,,,,,,,,,,,,,,,,,,,,,,,,,,,,,,,,
146,146,06/05/25,F,18,,,,,0,0,0,0,0,11,20,-11,-32,15.5,-21.5,8,5,1,3,3,,,,,,,,,,,,,,,,,,,,,,,,,,,,,,,,,,,
147,147,06/06/25,M,26,,,,,0,0,0,0,0,34,35,-15,-16,34.5,-15.5,5,5,-1,7,-7,,,,,,,,,,,,,,,,,,,,,,,,,,,,,,,,,,,
149,149,06/08/25,M,25,,,,,0,0,0,0,0,11,22,-9,-34,16.5,-21.5,8,2,-1,7,-7,,,,,,,,,,,,,,,,,,,,,,,,,,,,,,,,,,,
150,150,06/09/25,F,27,,,,,0,0,0,0,0,29,9,-34,-30,19,-32,4,3,-1,7,-7,,,,,,,,,,,,,,,,,,,,,,,,,,,,,,,,,,,
151,151,06/10/25,M,19,,,,,0,0,0,0,0,18,7,-25,-31,12.5,-28,1,2,1,2,2,,,,,,,,,,,,,,,,,,,,,,,,,,,,,,,,,,,
152,152,06/11/25,M,40,,,,,0,0,0,0,0,12,22,-29,-22,17,-25.5,4,1,-1,7,-7,,,,,,,,,,,,,,,,,,,,,,,,,,,,,,,,,,,
153,153,06/12/25,F,30,,,,,0,0,0,0,0,15,31,-14,-23,23,-18.5,4,6,-1,7,-7,,,,,,,,,,,,,,,,,,,,,,,,,,,,,,,,,,,
159,159,06/18/25,M,40,,,,,0,0,0,0,0,21,10,-7,-13,15.5,-10,1,4,-1,5,-5,,,,,,,,,,,,,,,,,,,,,,,,,,,,,,,,,,,
162,162,06/21/25,M,30,,,,,0,0,0,0,0,27,20,-20,-35,23.5,-27.5,1,3,1,3,3,,,,,,,,,,,,,,,,,,,,,,,,,,,,,,,,,,,
163,163,06/22/25,F,28,,,,,0,0,0,0,0,12,21,-15,-18,16.5,-16.5,5,2,-1,6,-6,,,,,,,,,,,,,,,,,,,,,,,,,,,,,,,,,,,
164,164,06/23/25,M,25,,,,,0,0,0,0,0,9,32,-26,-15,20.5,-20.5,1,7,-1,6,-6,,,,,,,,,,,,,,,,,,,,,,,,,,,,,,,,,,,
165,165,06/24/25,M,31,,,,,0,0,0,0,0,24,10,-14,-8,17,-11,6,1,-1,7,-7,,,,,,,,,,,,,,,,,,,,,,,,,,,,,,,,,,,
168,168,06/27/25,F,26,,,,,0,0,0,0,0,13,32,-23,-8,22.5,-15.5,7,4,1,2,2,,,,,,,,,,,,,,,,,,,,,,,,,,,,,,,,,,,
169,169,06/28/25,M,31,,,,,0,0,0,0,0,33,29,-8,-14,31,-11,6,1,-1,5,-5,,,,,,,,,,,,,,,,,,,,,,,,,,,,,,,,,,,
173,173,07/02/25,M,27,,,,,0,0,0,0,0,34,9,-28,-9,21.5,-18.5,2,4,-1,6,-6,,,,,,,,,,,,,,,,,,,,,,,,,,,,,,,,,,,
175,175,07/04/25,F,26,,,,,0,0,0,0,0,22,11,-35,-24,16.5,-29.5,3,1,-1,5,-5,,,,,,,,,,,,,,,,,,,,,,,,,,,,,,,,,,,
177,177,07/06/25,M,36,,,,,0,0,0,0,0,22,10,-13,-16,16,-14.5,10,3,1,2,2,,,,,,,,,,,,,,,,,,,,,,,,,,,,,,,,,,,
179,179,07/08/25,M,23,,,,,0,0,0,0,0,19,29,-16,-30,24,-23,5,1,-1,5,-5,,,,,,,,,,,,,,,,,,,,,,,,,,,,,,,,,,,
181,181,07/10/25,F,31,,,,,0,0,0,0,0,13,32,-7,-18,22.5,-12.5,6,7,-1,7,-7,,,,,,,,,,,,,,,,,,,,,,,,,,,,,,,,,,,
182,182,07/11/25,M,18,,,,,0,0,0,0,0,9,20,-26,-12,14.5,-19,10,3,-1,6,-6,,,,,,,,,,,,,,,,,,,,,,,,,,,,,,,,,,,
186,186,07/15/25,M,30,,,,,0,0,0,0,0,7,27,-13,-8,17,-10.5,10,5,1,3,3,,,,,,,,,,,,,,,,,,,,,,,,,,,,,,,,,,,
187,187,07/16/25,F,35,,,,,0,0,0,0,0,8,21,-21,-7,14.5,-14,7,2,-1,5,-5,,,,,,,,,,,,,,,,,,,,,,,,,,,,,,,,,,,
188,188,07/17/25,M,37,,,,,0,0,0,0,0,27,17,-13,-21,22,-17,1,4,-1,6,-6,,,,,,,,,,,,,,,,,,,,,,,,,,,,,,,,,,,
189,189,07/18/25,M,37,,,,,0,0,0,0,0,14,23,-28,-24,18.5,-26,6,5,-1,7,-7,,,,,,,,,,,,,,,,,,,,,,,,,,,,,,,,,,,
191,191,07/20/25,F,29,,,,,0,0,0,0,0,18,17,-12,-24,17.5,-18,10,7,1,1,1,,,,,,,,,,,,,,,,,,,,,,,,,,,,,,,,,,,
192,192,07/21/25,M,37,,,,,0,0,0,0,0,13,10,-27,-26,11.5,-26.5,6,6,-1,6,-6,,,,,,,,,,,,,,,,,,,,,,,,,,,,,,,,,,,
193,193,07/22/25,M,19,,,,,0,0,0,0,0,8,32,-21,-32,20,-26.5,4,6,-1,7,-7,,,,,,,,,,,,,,,,,,,,,,,,,,,,,,,,,,,
200,200,07/29/25,F,35,,,,,0,0,0,0,0,21,22,-24,-8,21.5,-16,7,3,-1,5,-5,,,,,,,,,,,,,,,,,,,,,,,,,,,,,,,,,,,
203,203,08/01/25,M,19,,,,,0,0,0,0,0,30,24,-11,-22,27,-16.5,10,7,1,2,2,,,,,,,,,,,,,,,,,,,,,,,,,,,,,,,,,,,
205,205,08/03/25,M,19,,,,,0,0,0,0,0,26,14,-34,-27,20,-30.5,6,4,-1,6,-6,,,,,,,,,,,,,,,,,,,,,,,,,,,,,,,,,,,
206,206,08/04/25,F,25,,,,,0,0,0,0,0,12,14,-27,-13,13,-20,7,4,-1,7,-7,,,,,,,,,,,,,,,,,,,,,,,,,,,,,,,,,,,
208,208,08/06/25,M,37,,,,,0,0,0,0,0,7,33,-20,-19,20,-19.5,10,1,-1,7,-7,,,,,,,,,,,,,,,,,,,,,,,,,,,,,,,,,,,
209,209,08/07/25,M,25,,,,,0,0,0,0,0,29,35,-10,-15,32,-12.5,7,6,1,1,1,,,,,,,,,,,,,,,,,,,,,,,,,,,,,,,,,,,
211,211,08/09/25,F,42,,,,,0,0,0,0,0,34,30,-10,-11,32,-10.5,7,3,-1,7,-7,,,,,,,,,,,,,,,,,,,,,,,,,,,,,,,,,,,
212,212,08/10/25,M,40,,,,,0,0,0,0,0,26,33,-25,-25,29.5,-25,8,7,-1,7,-7,,,,,,,,,,,,,,,,,,,,,,,,,,,,,,,,,,,
215,215,08/13/25,M,26,,,,,0,0,0,0,0,18,20,-7,-19,19,-13,7,7,-1,6,-6,,,,,,,,,,,,,,,,,,,,,,,,,,,,,,,,,,,
218,218,08/16/25,F,36,,,,,0,0,0,0,0,25,29,-8,-15,27,-11.5,4,1,1,2,2,,,,,,,,,,,,,,,,,,,,,,,,,,,,,,,,,,,
219,219,08/17/25,M,23,,,,,0,0,0,0,0,30,21,-28,-9,25.5,-18.5,6,5,-1,7,-7,,,,,,,,,,,,,,,,,,,,,,,,,,,,,,,,,,,
221,221,08/19/25,M,40,,,,,0,0,0,0,0,16,26,-31,-10,21,-20.5,7,7,-1,6,-6,,,,,,,,,,,,,,,,,,,,,,,,,,,,,,,,,,,
224,224,08/22/25,F,37,,,,,0,0,0,0,0,27,27,-14,-10,27,-12,4,2,-1,7,-7,,,,,,,,,,,,,,,,,,,,,,,,,,,,,,,,,,,
226,226,08/24/25,M,41,,,,,0,0,0,0,0,32,28,-16,-24,30,-20,9,5,1,3,3,,,,,,,,,,,,,,,,,,,,,,,,,,,,,,,,,,,
227,227,08/25/25,M,21,,,,,0,0,0,0,0,9,24,-7,-15,16.5,-11,2,6,-1,6,-6,,,,,,,,,,,,,,,,,,,,,,,,,,,,,,,,,,,
234,234,09/01/25,F,30,,,,,0,0,0,0,0,11,15,-28,-31,13,-29.5,1,1,-1,7,-7,,,,,,,,,,,,,,,,,,,,,,,,,,,,,,,,,,,
235,235,09/02/25,M,42,,,,,0,0,0,0,0,20,11,-10,-32,15.5,-21,10,3,-1,5,-5,,,,,,,,,,,,,,,,,,,,,,,,,,,,,,,,,,,
243,243,09/10/25,M,42,,,,,0,0,0,0,0,33,22,-14,-25,27.5,-19.5,6,5,1,1,1,,,,,,,,,,,,,,,,,,,,,,,,,,,,,,,,,,,
246,246,09/13/25,F,19,,,,,0,0,0,0,0,27,23,-23,-23,25,-23,2,7,-1,7,-7,,,,,,,,,,,,,,,,,,,,,,,,,,,,,,,,,,,
247,247,09/14/25,M,19,,,,,0,0,0,0,0,26,32,-29,-34,29,-31.5,9,2,-1,7,-7,,,,,,,,,,,,,,,,,,,,,,,,,,,,,,,,,,,
250,250,09/17/25,M,24,,,,,0,0,0,0,0,19,24,-25,-21,21.5,-23,10,7,-1,6,-6,,,,,,,,,,,,,,,,,,,,,,,,,,,,,,,,,,,
251,251,09/18/25,F,21,,,,,0,0,0,0,0,15,30,-27,-20,22.5,-23.5,5,7,1,1,1,,,,,,,,,,,,,,,,,,,,,,,,,,,,,,,,,,,
256,256,09/23/25,M,18,,,,,0,0,0,0,0,32,30,-30,-18,31,-24,2,1,-1,5,-5,,,,,,,,,,,,,,,,,,,,,,,,,,,,,,,,,,,
257,257,09/24/25,M,35,,,,,0,0,0,0,0,10,11,-7,-20,10.5,-13.5,6,1,-1,6,-6,,,,,,,,,,,,,,,,,,,,,,,,,,,,,,,,,,,
262,262,09/29/25,F,32,,,,,0,0,0,0,0,34,12,-29,-34,23,-31.5,6,4,-1,5,-5,,,,,,,,,,,,,,,,,,,,,,,,,,,,,,,,,,,
266,266,10/03/25,M,23,,,,,0,0,0,0,0,25,10,-25,-29,17.5,-27,6,3,1,3,3,,,,,,,,,,,,,,,,,,,,,,,,,,,,,,,,,,,
270,270,10/07/25,M,18,,,,,0,0,0,0,0,7,27,-23,-12,17,-17.5,8,5,-1,7,-7,,,,,,,,,,,,,,,,,,,,,,,,,,,,,,,,,,,
271,271,10/08/25,F,24,,,,,0,0,0,0,0,11,16,-33,-20,13.5,-26.5,7,5,-1,7,-7,,,,,,,,,,,,,,,,,,,,,,,,,,,,,,,,,,,
278,278,10/15/25,M,42,,,,,0,0,0,0,0,26,31,-30,-28,28.5,-29,4,3,-1,5,-5,,,,,,,,,,,,,,,,,,,,,,,,,,,,,,,,,,,
280,280,10/17/25,M,42,,,,,0,0,0,0,0,16,18,-20,-12,17,-16,9,1,1,1,1,,,,,,,,,,,,,,,,,,,,,,,,,,,,,,,,,,,
284,284,10/21/25,F,32,,,,,0,0,0,0,0,15,14,-13,-26,14.5,-19.5,4,2,-1,6,-6,,,,,,,,,,,,,,,,,,,,,,,,,,,,,,,,,,,
285,285,10/22/25,M,26,,,,,0,0,0,0,0,12,16,-34,-31,14,-32.5,1,1,-1,7,-7,,,,,,,,,,,,,,,,,,,,,,,,,,,,,,,,,,,
287,287,10/24/25,M,20,,,,,0,0,0,0,0,35,22,-32,-22,28.5,-27,5,7,-1,7,-7,,,,,,,,,,,,,,,,,,,,,,,,,,,,,,,,,,,
288,288,10/25/25,F,21,,,,,0,0,0,0,0,31,15,-10,-35,23,-22.5,6,3,1,1,1,,,,,,,,,,,,,,,,,,,,,,,,,,,,,,,,,,,
290,290,10/27/25,M,32,,,,,0,0,0,0,0,21,24,-17,-28,22.5,-22.5,9,7,-1,6,-6,,,,,,,,,,,,,,,,,,,,,,,,,,,,,,,,,,,
291,291,10/28/25,M,22,,,,,0,0,0,0,0,12,26,-21,-9,19,-15,9,5,-1,7,-7,,,,,,,,,,,,,,,,,,,,,,,,,,,,,,,,,,,
296,296,11/02/25,F,28,,,,,0,0,0,0,0,32,17,-26,-12,24.5,-19,9,5,-1,7,-7,,,,,,,,,,,,,,,,,,,,,,,,,,,,,,,,,,,
301,301,11/07/25,M,37,,,,,0,0,0,0,0,25,23,-33,-20,24,-26.5,3,2,1,3,3,,,,,,,,,,,,,,,,,,,,,,,,,,,,,,,,,,,
304,304,11/10/25,M,19,,,,,0,0,0,0,0,8,12,-7,-24,10,-15.5,8,2,-1,6,-6,,,,,,,,,,,,,,,,,,,,,,,,,,,,,,,,,,,
310,310,11/16/25,F,35,,,,,0,0,0,0,0,14,14,-27,-29,14,-28,9,1,-1,6,-6,,,,,,,,,,,,,,,,,,,,,,,,,,,,,,,,,,,
313,313,11/19/25,M,24,,,,,0,0,0,0,0,19,22,-19,-26,20.5,-22.5,4,3,-1,7,-7,,,,,,,,,,,,,,,,,,,,,,,,,,,,,,,,,,,
317,317,11/23/25,M,33,,,,,0,0,0,0,0,8,9,-19,-26,8.5,-22.5,4,6,1,2,2,,,,,,,,,,,,,,,,,,,,,,,,,,,,,,,,,,,
318,318,11/24/25,F,23,,,,,0,0,0,0,0,35,7,-11,-32,21,-21.5,7,5,-1,5,-5,,,,,,,,,,,,,,,,,,,,,,,,,,,,,,,,,,,
321,321,11/27/25,M,40,,,,,0,0,0,0,0,20,23,-31,-26,21.5,-28.5,2,3,-1,6,-6,,,,,,,,,,,,,,,,,,,,,,,,,,,,,,,,,,,
323,323,11/29/25,M,32,,,,,0,0,0,0,0,17,12,-7,-22,14.5,-14.5,1,4,-1,5,-5,,,,,,,,,,,,,,,,,,,,,,,,,,,,,,,,,,,
326,326,12/02/25,F,22,,,,,0,0,0,0,0,26,8,-26,-16,17,-21,3,7,1,1,1,,,,,,,,,,,,,,,,,,,,,,,,,,,,,,,,,,,
327,327,12/03/25,M,40,,,,,0,0,0,0,0,31,34,-17,-22,32.5,-19.5,5,1,-1,7,-7,,,,,,,,,,,,,,,,,,,,,,,,,,,,,,,,,,,
328,328,12/04/25,M,42,,,,,0,0,0,0,0,34,33,-19,-17,33.5,-18,8,6,-1,6,-6,,,,,,,,,,,,,,,,,,,,,,,,,,,,,,,,,,,
329,329,12/05/25,F,19,,,,,0,0,0,0,0,9,18,-11,-10,13.5,-10.5,7,2,-1,7,-7,,,,,,,,,,,,,,,,,,,,,,,,,,,,,,,,,,,
333,333,12/09/25,M,30,,,,,0,0,0,0,0,15,33,-14,-12,24,-13,7,4,1,3,3,,,,,,,,,,,,,,,,,,,,,,,,,,,,,,,,,,,
336,336,12/12/25,M,37,,,,,0,0,0,0,0,26,14,-13,-22,20,-17.5,5,4,-1,7,-7,,,,,,,,,,,,,,,,,,,,,,,,,,,,,,,,,,,
338,338,12/14/25,F,27,,,,,0,0,0,0,0,19,18,-32,-24,18.5,-28,7,1,-1,7,-7,,,,,,,,,,,,,,,,,,,,,,,,,,,,,,,,,,,
344,344,12/20/25,M,29,,,,,0,0,0,0,0,25,19,-23,-35,22,-29,10,5,-1,7,-7,,,,,,,,,,,,,,,,,,,,,,,,,,,,,,,,,,,
346,346,12/22/25,M,38,,,,,0,0,0,0,0,7,16,-15,-30,11.5,-22.5,10,2,1,3,3,,,,,,,,,,,,,,,,,,,,,,,,,,,,,,,,,,,
352,352,12/28/25,F,29,,,,,0,0,0,0,0,9,13,-32,-23,11,-27.5,2,5,-1,6,-6,,,,,,,,,,,,,,,,,,,,,,,,,,,,,,,,,,,
360,360,01/05/26,M,20,,,,,0,0,0,0,0,17,11,-35,-28,14,-31.5,2,2,-1,5,-5,,,,,,,,,,,,,,,,,,,,,,,,,,,,,,,,,,,
362,362,01/07/26,M,28,,,,,0,0,0,0,0,33,18,-26,-29,25.5,-27.5,8,7,-1,6,-6,,,,,,,,,,,,,,,,,,,,,,,,,,,,,,,,,,,
363,363,01/08/26,F,43,,,,,0,0,0,0,0,25,24,-35,-34,24.5,-34.5,9,2,1,2,2,,,,,,,,,,,,,,,,,,,,,,,,,,,,,,,,,,,
366,366,01/11/26,M,26,,,,,0,0,0,0,0,7,10,-12,-25,8.5,-18.5,3,7,-1,7,-7,,,,,,,,,,,,,,,,,,,,,,,,,,,,,,,,,,,
367,367,01/12/26,M,24,,,,,0,0,0,0,0,10,20,-14,-20,15,-17,2,1,-1,5,-5,,,,,,,,,,,,,,,,,,,,,,,,,,,,,,,,,,,
368,368,01/13/26,F,27,,,,,0,0,0,0,0,18,22,-22,-25,20,-23.5,3,1,-1,5,-5,,,,,,,,,,,,,,,,,,,,,,,,,,,,,,,,,,,
369,369,01/14/26,M,39,,,,,0,0,0,0,0,8,16,-31,-32,12,-31.5,6,7,1,2,2,,,,,,,,,,,,,,,,,,,,,,,,,,,,,,,,,,,
371,371,01/16/26,M,19,,,,,0,0,0,0,0,28,14,-14,-20,21,-17,4,2,-1,7,-7,,,,,,,,,,,,,,,,,,,,,,,,,,,,,,,,,,,
374,374,01/19/26,F,19,,,,,0,0,0,0,0,29,16,-30,-35,22.5,-32.5,9,2,-1,5,-5,,,,,,,,,,,,,,,,,,,,,,,,,,,,,,,,,,,
376,376,01/21/26,M,28,,,,,0,0,0,0,0,25,28,-26,-10,26.5,-18,3,2,-1,6,-6,,,,,,,,,,,,,,,,,,,,,,,,,,,,,,,,,,,
377,377,01/22/26,M,28,,,,,0,0,0,0,0,32,20,-29,-8,26,-18.5,2,4,1,3,3,,,,,,,,,,,,,,,,,,,,,,,,,,,,,,,,,,,
379,379,01/24/26,F,35,,,,,0,0,0,0,0,27,31,-34,-19,29,-26.5,6,4,-1,6,-6,,,,,,,,,,,,,,,,,,,,,,,,,,,,,,,,,,,
381,381,01/26/26,M,34,,,,,0,0,0,0,0,27,27,-33,-32,27,-32.5,9,4,-1,6,-6,,,,,,,,,,,,,,,,,,,,,,,,,,,,,,,,,,,
384,384,01/29/26,M,28,,,,,0,0,0,0,0,7,24,-8,-20,15.5,-14,8,1,-1,6,-6,,,,,,,,,,,,,,,,,,,,,,,,,,,,,,,,,,,
385,385,01/30/26,F,35,,,,,0,0,0,0,0,26,21,-26,-9,23.5,-17.5,7,5,1,1,1,,,,,,,,,,,,,,,,,,,,,,,,,,,,,,,,,,,
386,386,01/31/26,M,22,,,,,0,0,0,0,0,10,17,-32,-29,13.5,-30.5,6,2,-1,5,-5,,,,,,,,,,,,,,,,,,,,,,,,,,,,,,,,,,,
388,388,02/02/26,M,30,,,,,0,0,0,0,0,11,24,-26,-15,17.5,-20.5,7,4,-1,7,-7,,,,,,,,,,,,,,,,,,,,,,,,,,,,,,,,,,,
390,390,02/04/26,F,37,,,,,0,0,0,0,0,25,17,-28,-35,21,-31.5,3,7,-1,5,-5,,,,,,,,,,,,,,,,,,,,,,,,,,,,,,,,,,,
392,392,02/06/26,M,26,,,,,0,0,0,0,0,11,26,-9,-8,18.5,-8.5,10,7,1,1,1,,,,,,,,,,,,,,,,,,,,,,,,,,,,,,,,,,,
393,393,02/07/26,M,37,,,,,0,0,0,0,0,17,13,-18,-26,15,-22,1,7,-1,7,-7,,,,,,,,,,,,,,,,,,,,,,,,,,,,,,,,,,,
394,394,02/08/26,F,27,,,,,0,0,0,0,0,32,13,-17,-27,22.5,-22,6,6,-1,5,-5,,,,,,,,,,,,,,,,,,,,,,,,,,,,,,,,,,,
397,397,02/11/26,M,19,,,,,0,0,0,0,0,19,14,-35,-13,16.5,-24,8,7,-1,6,-6,,,,,,,,,,,,,,,,,,,,,,,,,,,,,,,,,,,
398,398,02/12/26,M,36,,,,,0,0,0,0,0,31,26,-25,-14,28.5,-19.5,7,3,1,1,1,,,,,,,,,,,,,,,,,,,,,,,,,,,,,,,,,,,
401,401,02/15/26,F,27,,,,,0,0,0,0,0,22,10,-27,-14,16,-20.5,5,4,-1,6,-6,,,,,,,,,,,,,,,,,,,,,,,,,,,,,,,,,,,
408,408,02/22/26,M,43,,,,,0,0,0,0,0,26,11,-9,-35,18.5,-22,4,5,-1,7,-7,,,,,,,,,,,,,,,,,,,,,,,,,,,,,,,,,,,
409,409,02/23/26,M,35,,,,,0,0,0,0,0,11,8,-24,-20,9.5,-22,1,4,-1,7,-7,,,,,,,,,,,,,,,,,,,,,,,,,,,,,,,,,,,
410,410,02/24/26,F,30,,,,,0,0,0,0,0,32,22,-11,-15,27,-13,7,5,1,2,2,,,,,,,,,,,,,,,,,,,,,,,,,,,,,,,,,,,
411,411,02/25/26,M,40,,,,,0,0,0,0,0,30,10,-26,-27,20,-26.5,8,3,-1,6,-6,,,,,,,,,,,,,,,,,,,,,,,,,,,,,,,,,,,
417,417,03/03/26,M,40,,,,,0,0,0,0,0,26,22,-15,-19,24,-17,6,1,-1,7,-7,,,,,,,,,,,,,,,,,,,,,,,,,,,,,,,,,,,
419,419,03/05/26,F,19,,,,,0,0,0,0,0,9,14,-7,-7,11.5,-7,5,6,-1,7,-7,,,,,,,,,,,,,,,,,,,,,,,,,,,,,,,,,,,
420,420,03/06/26,M,30,,,,,0,0,0,0,0,30,8,-24,-17,19,-20.5,1,4,1,2,2,,,,,,,,,,,,,,,,,,,,,,,,,,,,,,,,,,,
422,422,03/08/26,M,30,,,,,0,0,0,0,0,20,25,-30,-9,22.5,-19.5,7,7,-1,5,-5,,,,,,,,,,,,,,,,,,,,,,,,,,,,,,,,,,,
423,423,03/09/26,F,22,,,,,0,0,0,0,0,7,7,-35,-35,7,-35,2,6,-1,7,-7,,,,,,,,,,,,,,,,,,,,,,,,,,,,,,,,,,,
424,424,03/10/26,M,19,,,,,0,0,0,0,0,17,33,-32,-22,25,-27,9,6,-1,5,-5,,,,,,,,,,,,,,,,,,,,,,,,,,,,,,,,,,,
426,426,03/12/26,M,27,,,,,0,0,0,0,0,29,14,-16,-12,21.5,-14,4,4,1,1,1,,,,,,,,,,,,,,,,,,,,,,,,,,,,,,,,,,,
433,433,03/19/26,F,19,,,,,0,0,0,0,0,17,35,-11,-11,26,-11,3,5,-1,6,-6,,,,,,,,,,,,,,,,,,,,,,,,,,,,,,,,,,,
436,436,03/22/26,M,35,,,,,0,0,0,0,0,13,30,-15,-33,21.5,-24,8,4,-1,6,-6,,,,,,,,,,,,,,,,,,,,,,,,,,,,,,,,,,,
437,437,03/23/26,M,22,,,,,0,0,0,0,0,15,27,-19,-24,21,-21.5,10,7,-1,7,-7,,,,,,,,,,,,,,,,,,,,,,,,,,,,,,,,,,,
438,438,03/24/26,F,29,,,,,0,0,0,0,0,21,33,-25,-22,27,-23.5,2,1,1,1,1,,,,,,,,,,,,,,,,,,,,,,,,,,,,,,,,,,,
440,440,03/26/26,M,38,,,,,0,0,0,0,0,11,32,-7,-25,21.5,-16,6,2,-1,6,-6,,,,,,,,,,,,,,,,,,,,,,,,,,,,,,,,,,,
441,441,03/27/26,M,37,,,,,0,0,0,0,0,33,13,-8,-27,23,-17.5,6,7,-1,6,-6,,,,,,,,,,,,,,,,,,,,,,,,,,,,,,,,,,,
445,445,03/31/26,F,42,,,,,0,0,0,0,0,26,22,-26,-29,24,-27.5,7,5,-1,6,-6,,,,,,,,,,,,,,,,,,,,,,,,,,,,,,,,,,,
449,449,04/04/26,M,32,,,,,0,0,0,0,0,14,7,-21,-29,10.5,-25,3,6,1,3,3,,,,,,,,,,,,,,,,,,,,,,,,,,,,,,,,,,,
450,450,04/05/26,M,21,,,,,0,0,0,0,0,30,23,-27,-19,26.5,-23,3,3,-1,6,-6,,,,,,,,,,,,,,,,,,,,,,,,,,,,,,,,,,,
452,452,04/07/26,F,29,,,,,0,0,0,0,0,19,11,-15,-24,15,-19.5,5,4,-1,5,-5,,,,,,,,,,,,,,,,,,,,,,,,,,,,,,,,,,,
453,453,04/08/26,M,27,,,,,0,0,0,0,0,12,35,-24,-9,23.5,-16.5,9,5,-1,6,-6,,,,,,,,,,,,,,,,,,,,,,,,,,,,,,,,,,,
454,454,04/09/26,M,25,,,,,0,0,0,0,0,28,35,-10,-31,31.5,-20.5,3,4,1,1,1,,,,,,,,,,,,,,,,,,,,,,,,,,,,,,,,,,,
455,455,04/10/26,F,37,,,,,0,0,0,0,0,24,24,-20,-11,24,-15.5,1,1,-1,7,-7,,,,,,,,,,,,,,,,,,,,,,,,,,,,,,,,,,,
457,457,04/12/26,M,42,,,,,0,0,0,0,0,21,32,-32,-9,26.5,-20.5,10,4,-1,7,-7,,,,,,,,,,,,,,,,,,,,,,,,,,,,,,,,,,,
461,461,04/16/26,M,43,,,,,0,0,0,0,0,26,23,-34,-15,24.5,-24.5,3,7,-1,5,-5,,,,,,,,,,,,,,,,,,,,,,,,,,,,,,,,,,,
466,466,04/21/26,F,27,,,,,0,0,0,0,0,24,19,-9,-16,21.5,-12.5,8,1,1,1,1,,,,,,,,,,,,,,,,,,,,,,,,,,,,,,,,,,,
467,467,04/22/26,M,30,,,,,0,0,0,0,0,27,24,-24,-35,25.5,-29.5,1,3,-1,6,-6,,,,,,,,,,,,,,,,,,,,,,,,,,,,,,,,,,,
468,468,04/23/26,M,22,,,,,0,0,0,0,0,26,35,-29,-11,30.5,-20,10,4,-1,6,-6,,,,,,,,,,,,,,,,,,,,,,,,,,,,,,,,,,,
479,479,05/04/26,F,18,,,,,0,0,0,0,0,20,33,-11,-20,26.5,-15.5,5,2,-1,7,-7,,,,,,,,,,,,,,,,,,,,,,,,,,,,,,,,,,,
482,482,05/07/26,M,26,,,,,0,0,0,0,0,26,31,-16,-32,28.5,-24,1,1,1,1,1,,,,,,,,,,,,,,,,,,,,,,,,,,,,,,,,,,,
483,483,05/08/26,M,37,,,,,0,0,0,0,0,10,17,-19,-28,13.5,-23.5,8,1,-1,6,-6,,,,,,,,,,,,,,,,,,,,,,,,,,,,,,,,,,,
486,486,05/11/26,F,34,,,,,0,0,0,0,0,12,24,-23,-23,18,-23,5,2,-1,7,-7,,,,,,,,,,,,,,,,,,,,,,,,,,,,,,,,,,,
488,488,05/13/26,M,19,,,,,0,0,0,0,0,10,10,-14,-11,10,-12.5,7,4,-1,6,-6,,,,,,,,,,,,,,,,,,,,,,,,,,,,,,,,,,,
489,489,05/14/26,M,39,,,,,0,0,0,0,0,35,18,-18,-26,26.5,-22,5,3,1,3,3,,,,,,,,,,,,,,,,,,,,,,,,,,,,,,,,,,,
495,495,05/20/26,F,32,,,,,0,0,0,0,0,15,35,-8,-17,25,-12.5,9,6,-1,5,-5,,,,,,,,,,,,,,,,,,,,,,,,,,,,,,,,,,,
496,496,05/21/26,M,29,,,,,0,0,0,0,0,20,21,-21,-16,20.5,-18.5,4,3,-1,7,-7,,,,,,,,,,,,,,,,,,,,,,,,,,,,,,,,,,,
500,500,05/25/26,M,27,,,,,0,0,0,0,0,26,24,-16,-12,25,-14,4,5,-1,7,-7,,,,,,,,,,,,,,,,,,,,,,,,,,,,,,,,,,,
1,1,01/11/25,F,60,,,,,73,63,300.37,2102.6,4.11,26,24,-24,-18,25,-21,7,6,1,7,7,,,,,,,,,,,,,,,,,,,,,,,,,,,,,,,,,,,
3,3,01/13/25,F,42,,,,,92,86,437.54,2625.23,4.76,20,7,-15,-22,13.5,-18.5,6,2,1,6,6,,,,,,,,,,,,,,,,,,,,,,,,,,,,,,,,,,,
8,8,01/18/25,F,29,,,,,37,32,180.25,180.25,4.87,28,20,-9,-32,24,-20.5,6,7,-1,1,-1,,,,,,,,,,,,,,,,,,,,,,,,,,,,,,,,,,,
10,10,01/20/25,F,66,,,,,102,47,400.15,2000.74,3.92,24,14,-19,-31,19,-25,9,6,1,5,5,,,,,,,,,,,,,,,,,,,,,,,,,,,,,,,,,,,
12,12,01/22/25,F,26,,,,,64,68,249.08,1743.55,3.89,21,15,-22,-23,18,-22.5,7,7,1,7,7,,,,,,,,,,,,,,,,,,,,,,,,,,,,,,,,,,,
14,14,01/24/25,F,18,,,,,52,32,145.27,1016.91,2.79,10,22,-30,-22,16,-26,5,7,1,7,7,,,,,,,,,,,,,,,,,,,,,,,,,,,,,,,,,,,
15,15,01/25/25,F,88,,,,,118,91,225,112.5,1.91,10,10,-26,-32,10,-29,6,5,-1,2,-2,,,,,,,,,,,,,,,,,,,,,,,,,,,,,,,,,,,
16,16,01/26/25,F,52,,,,,92,32,319.15,2234.03,3.47,19,21,-20,-24,20,-22,9,3,1,7,7,,,,,,,,,,,,,,,,,,,,,,,,,,,,,,,,,,,
21,21,01/31/25,M,31,,,,,102,90,27.02,189.16,0.26,13,24,-9,-12,18.5,-10.5,8,2,1,7,7,,,,,,,,,,,,,,,,,,,,,,,,,,,,,,,,,,,
22,22,02/01/25,F,57,,,,,78,76,153.17,919.05,1.96,32,31,-27,-15,31.5,-21,3,1,1,6,6,,,,,,,,,,,,,,,,,,,,,,,,,,,,,,,,,,,
25,25,02/04/25,F,62,,,,,80,35,88.16,44.08,1.1,8,27,-23,-13,17.5,-18,7,1,-1,2,-2,,,,,,,,,,,,,,,,,,,,,,,,,,,,,,,,,,,
30,30,02/09/25,F,75,,,,,105,91,213.74,1496.21,2.04,29,33,-31,-27,31,-29,7,4,1,7,7,,,,,,,,,,,,,,,,,,,,,,,,,,,,,,,,,,,
32,32,02/11/25,M,34,,,,,57,63,452.01,2712.05,7.93,35,22,-15,-24,28.5,-19.5,8,2,1,6,6,,,,,,,,,,,,,,,,,,,,,,,,,,,,,,,,,,,
33,33,02/12/25,M,46,,,,,53,49,133.9,803.42,2.53,8,13,-33,-19,10.5,-26,4,7,1,6,6,,,,,,,,,,,,,,,,,,,,,,,,,,,,,,,,,,,
34,34,02/13/25,F,59,,,,,77,55,30.15,15.08,0.39,12,17,-26,-22,14.5,-24,2,6,-1,2,-2,,,,,,,,,,,,,,,,,,,,,,,,,,,,,,,,,,,
35,35,02/14/25,M,73,,,,,109,42,523.19,3139.11,4.8,12,20,-26,-27,16,-26.5,3,7,1,6,6,,,,,,,,,,,,,,,,,,,,,,,,,,,,,,,,,,,
36,36,02/15/25,F,35,,,,,83,84,153.21,919.28,1.85,8,8,-19,-33,8,-26,10,7,1,6,6,,,,,,,,,,,,,,,,,,,,,,,,,,,,,,,,,,,
37,37,02/16/25,F,51,,,,,24,19,64.64,323.19,2.69,29,29,-23,-26,29,-24.5,1,2,1,5,5,,,,,,,,,,,,,,,,,,,,,,,,,,,,,,,,,,,
39,39,02/18/25,F,24,,,,,110,55,543.42,181.14,4.94,25,29,-13,-34,27,-23.5,8,6,-1,3,-3,,,,,,,,,,,,,,,,,,,,,,,,,,,,,,,,,,,
40,40,02/19/25,M,46,,,,,113,70,159.2,955.2,1.41,22,12,-17,-15,17,-16,4,2,1,6,6,,,,,,,,,,,,,,,,,,,,,,,,,,,,,,,,,,,
41,41,02/20/25,F,59,,,,,109,57,504.16,3529.09,4.63,34,18,-22,-13,26,-17.5,3,2,1,7,7,,,,,,,,,,,,,,,,,,,,,,,,,,,,,,,,,,,
42,42,02/21/25,M,72,,,,,91,67,104.37,521.84,1.15,16,29,-28,-25,22.5,-26.5,8,1,1,5,5,,,,,,,,,,,,,,,,,,,,,,,,,,,,,,,,,,,
44,44,02/23/25,F,53,,,,,70,45,84.16,84.16,1.2,34,17,-7,-22,25.5,-14.5,2,5,-1,1,-1,,,,,,,,,,,,,,,,,,,,,,,,,,,,,,,,,,,
46,46,02/25/25,F,39,,,,,46,47,61,305,1.33,17,32,-14,-17,24.5,-15.5,2,7,1,5,5,,,,,,,,,,,,,,,,,,,,,,,,,,,,,,,,,,,
47,47,02/26/25,F,20,,,,,121,90,445.45,3118.14,3.68,20,27,-14,-17,23.5,-15.5,6,2,1,7,7,,,,,,,,,,,,,,,,,,,,,,,,,,,,,,,,,,,
48,48,02/27/25,F,37,,,,,90,58,81.03,486.19,0.9,13,34,-29,-27,23.5,-28,3,5,1,6,6,,,,,,,,,,,,,,,,,,,,,,,,,,,,,,,,,,,
49,49,02/28/25,F,19,,,,,136,91,662.89,220.96,4.87,8,29,-18,-23,18.5,-20.5,9,2,-1,3,-3,,,,,,,,,,,,,,,,,,,,,,,,,,,,,,,,,,,
50,50,03/01/25,F,23,,,,,129,65,87.68,526.08,0.68,23,28,-28,-14,25.5,-21,2,6,1,6,6,,,,,,,,,,,,,,,,,,,,,,,,,,,,,,,,,,,
52,52,03/03/25,M,46,,,,,45,52,94.6,472.98,2.1,21,14,-31,-19,17.5,-25,9,5,1,5,5,,,,,,,,,,,,,,,,,,,,,,,,,,,,,,,,,,,
53,53,03/04/25,F,20,,,,,46,33,212.79,1276.74,4.63,14,7,-23,-31,10.5,-27,5,7,1,6,6,,,,,,,,,,,,,,,,,,,,,,,,,,,,,,,,,,,
54,54,03/05/25,M,60,,,,,100,77,90.48,30.16,0.9,14,23,-29,-35,18.5,-32,8,2,-1,3,-3,,,,,,,,,,,,,,,,,,,,,,,,,,,,,,,,,,,
55,55,03/06/25,M,50,,,,,91,48,317.02,1902.12,3.48,20,18,-28,-33,19,-30.5,4,2,1,6,6,,,,,,,,,,,,,,,,,,,,,,,,,,,,,,,,,,,
56,56,03/07/25,F,31,,,,,142,79,162.58,1138.07,1.14,15,15,-17,-28,15,-22.5,7,6,1,7,7,,,,,,,,,,,,,,,,,,,,,,,,,,,,,,,,,,,
57,57,03/08/25,M,71,,,,,95,44,569.44,3986.1,5.99,18,18,-29,-17,18,-23,2,7,1,7,7,,,,,,,,,,,,,,,,,,,,,,,,,,,,,,,,,,,
59,59,03/10/25,F,54,,,,,145,99,715.91,238.64,4.94,17,30,-30,-10,23.5,-20,2,3,-1,3,-3,,,,,,,,,,,,,,,,,,,,,,,,,,,,,,,,,,,
60,60,03/11/25,M,35,,,,,30,19,53.45,320.68,1.78,30,29,-16,-11,29.5,-13.5,7,6,1,6,6,,,,,,,,,,,,,,,,,,,,,,,,,,,,,,,,,,,
61,61,03/12/25,F,48,,,,,125,75,389.08,1945.38,3.11,30,10,-23,-22,20,-22.5,3,2,1,5,5,,,,,,,,,,,,,,,,,,,,,,,,,,,,,,,,,,,
66,66,03/17/25,M,27,,,,,51,23,30.29,151.43,0.59,17,11,-12,-18,14,-15,5,6,1,5,5,,,,,,,,,,,,,,,,,,,,,,,,,,,,,,,,,,,
67,67,03/18/25,M,48,,,,,158,88,481.76,481.76,3.05,19,27,-33,-28,23,-30.5,7,2,-1,1,-1,,,,,,,,,,,,,,,,,,,,,,,,,,,,,,,,,,,
68,68,03/19/25,M,68,,,,,104,36,608.9,3653.43,5.85,21,17,-35,-25,19,-30,10,4,1,6,6,,,,,,,,,,,,,,,,,,,,,,,,,,,,,,,,,,,
69,69,03/20/25,M,82,,,,,88,41,201.05,1206.32,2.28,9,22,-17,-35,15.5,-26,5,2,1,6,6,,,,,,,,,,,,,,,,,,,,,,,,,,,,,,,,,,,
70,70,03/21/25,F,62,,,,,133,94,473.6,2368.01,3.56,7,35,-25,-32,21,-28.5,1,7,1,5,5,,,,,,,,,,,,,,,,,,,,,,,,,,,,,,,,,,,
73,73,03/24/25,F,38,,,,,112,56,7.26,7.26,0.06,24,8,-26,-8,16,-17,5,7,-1,1,-1,,,,,,,,,,,,,,,,,,,,,,,,,,,,,,,,,,,
74,74,03/25/25,M,88,,,,,61,25,311.75,1558.77,5.11,17,17,-30,-29,17,-29.5,5,3,1,5,5,,,,,,,,,,,,,,,,,,,,,,,,,,,,,,,,,,,
77,77,03/28/25,F,40,,,,,75,43,443.83,3106.78,5.92,29,21,-23,-22,25,-22.5,5,6,1,7,7,,,,,,,,,,,,,,,,,,,,,,,,,,,,,,,,,,,
78,78,03/29/25,F,61,,,,,68,44,32.71,228.96,0.48,14,11,-12,-8,12.5,-10,2,1,1,7,7,,,,,,,,,,,,,,,,,,,,,,,,,,,,,,,,,,,
79,79,03/30/25,M,48,,,,,94,64,153.81,153.81,1.64,7,19,-29,-23,13,-26,6,5,-1,1,-1,,,,,,,,,,,,,,,,,,,,,,,,,,,,,,,,,,,
80,80,03/31/25,M,61,,,,,111,92,62.74,376.44,0.57,15,7,-21,-31,11,-26,7,7,1,6,6,,,,,,,,,,,,,,,,,,,,,,,,,,,,,,,,,,,
81,81,04/01/25,M,36,,,,,102,88,365.29,2557,3.58,12,13,-27,-34,12.5,-30.5,8,4,1,7,7,,,,,,,,,,,,,,,,,,,,,,,,,,,,,,,,,,,
83,83,04/03/25,F,24,,,,,42,36,52.48,367.33,1.25,21,10,-22,-10,15.5,-16,6,2,1,7,7,,,,,,,,,,,,,,,,,,,,,,,,,,,,,,,,,,,
84,84,04/04/25,F,68,,,,,50,39,172.04,172.04,3.44,12,34,-34,-22,23,-28,8,6,-1,1,-1,,,,,,,,,,,,,,,,,,,,,,,,,,,,,,,,,,,
85,85,04/05/25,F,30,,,,,33,33,143.49,860.96,4.35,11,16,-35,-10,13.5,-22.5,7,1,1,6,6,,,,,,,,,,,,,,,,,,,,,,,,,,,,,,,,,,,
86,86,04/06/25,M,72,,,,,103,91,37.34,186.69,0.36,24,15,-26,-28,19.5,-27,4,1,1,5,5,,,,,,,,,,,,,,,,,,,,,,,,,,,,,,,,,,,
87,87,04/07/25,F,41,,,,,52,32,59.05,295.25,1.14,32,28,-33,-10,30,-21.5,6,6,1,5,5,,,,,,,,,,,,,,,,,,,,,,,,,,,,,,,,,,,
91,91,04/11/25,F,76,,,,,122,73,757.47,378.74,6.21,22,27,-17,-8,24.5,-12.5,1,3,-1,2,-2,,,,,,,,,,,,,,,,,,,,,,,,,,,,,,,,,,,
94,94,04/14/25,F,73,,,,,118,60,698.13,3490.65,5.92,8,35,-33,-32,21.5,-32.5,3,1,1,5,5,,,,,,,,,,,,,,,,,,,,,,,,,,,,,,,,,,,
95,95,04/15/25,M,46,,,,,72,55,461,2766.02,6.4,10,18,-27,-35,14,-31,7,3,1,6,6,,,,,,,,,,,,,,,,,,,,,,,,,,,,,,,,,,,
96,96,04/16/25,F,55,,,,,101,89,214.69,1288.17,2.13,29,11,-28,-12,20,-20,1,6,1,6,6,,,,,,,,,,,,,,,,,,,,,,,,,,,,,,,,,,,
97,97,04/17/25,M,31,,,,,123,84,738.11,369.06,6,31,12,-13,-28,21.5,-20.5,3,3,-1,2,-2,,,,,,,,,,,,,,,,,,,,,,,,,,,,,,,,,,,
99,99,04/19/25,M,68,,,,,124,71,1005.55,7038.85,8.11,24,16,-8,-11,20,-9.5,5,7,1,7,7,,,,,,,,,,,,,,,,,,,,,,,,,,,,,,,,,,,
100,100,04/20/25,F,50,,,,,70,13,136.35,681.73,1.95,22,11,-23,-12,16.5,-17.5,5,1,1,5,5,,,,,,,,,,,,,,,,,,,,,,,,,,,,,,,,,,,
104,104,04/24/25,F,45,,,,,126,74,471.65,3301.52,3.74,17,12,-35,-14,14.5,-24.5,8,5,1,7,7,,,,,,,,,,,,,,,,,,,,,,,,,,,,,,,,,,,
105,105,04/25/25,F,75,,,,,33,36,175.09,175.09,5.31,24,34,-34,-11,29,-22.5,6,4,-1,1,-1,,,,,,,,,,,,,,,,,,,,,,,,,,,,,,,,,,,
108,108,04/28/25,F,45,,,,,126,64,849.66,5097.96,6.74,12,11,-35,-15,11.5,-25,10,4,1,6,6,,,,,,,,,,,,,,,,,,,,,,,,,,,,,,,,,,,
110,110,04/30/25,M,29,,,,,79,72,36.26,253.79,0.46,24,10,-30,-8,17,-19,2,4,1,7,7,,,,,,,,,,,,,,,,,,,,,,,,,,,,,,,,,,,
111,111,05/01/25,F,78,,,,,158,96,957.24,4786.19,6.06,13,20,-10,-25,16.5,-17.5,2,4,1,5,5,,,,,,,,,,,,,,,,,,,,,,,,,,,,,,,,,,,
113,113,05/03/25,F,40,,,,,95,55,457.45,457.45,4.82,22,33,-20,-21,27.5,-20.5,6,7,-1,1,-1,,,,,,,,,,,,,,,,,,,,,,,,,,,,,,,,,,,
114,114,05/04/25,M,28,,,,,134,84,42.19,295.33,0.31,13,17,-20,-10,15,-15,6,5,1,7,7,,,,,,,,,,,,,,,,,,,,,,,,,,,,,,,,,,,
116,116,05/06/25,F,21,,,,,91,100,242.29,1453.72,2.66,25,24,-20,-15,24.5,-17.5,6,5,1,6,6,,,,,,,,,,,,,,,,,,,,,,,,,,,,,,,,,,,
117,117,05/07/25,F,47,,,,,36,18,132.75,663.73,3.69,17,30,-11,-23,23.5,-17,8,5,1,5,5,,,,,,,,,,,,,,,,,,,,,,,,,,,,,,,,,,,
120,120,05/10/25,F,78,,,,,86,65,443.1,147.7,5.15,16,28,-18,-25,22,-21.5,8,6,-1,3,-3,,,,,,,,,,,,,,,,,,,,,,,,,,,,,,,,,,,
123,123,05/13/25,F,53,,,,,60,43,368.89,2582.22,6.15,30,33,-32,-8,31.5,-20,7,4,1,7,7,,,,,,,,,,,,,,,,,,,,,,,,,,,,,,,,,,,
126,126,05/16/25,M,36,,,,,125,100,314.21,2199.44,2.51,30,16,-7,-20,23,-13.5,5,1,1,7,7,,,,,,,,,,,,,,,,,,,,,,,,,,,,,,,,,,,
129,129,05/19/25,M,21,,,,,84,60,453.57,2267.87,5.4,8,26,-21,-10,17,-15.5,3,4,1,5,5,,,,,,,,,,,,,,,,,,,,,,,,,,,,,,,,,,,
130,130,05/20/25,M,72,,,,,42,34,84.64,42.32,2.02,24,7,-24,-14,15.5,-19,5,7,-1,2,-2,,,,,,,,,,,,,,,,,,,,,,,,,,,,,,,,,,,
131,131,05/21/25,F,71,,,,,119,95,614.66,3687.94,5.17,22,28,-12,-11,25,-11.5,4,2,1,6,6,,,,,,,,,,,,,,,,,,,,,,,,,,,,,,,,,,,
132,132,05/22/25,F,37,,,,,39,17,16.08,96.46,0.41,32,33,-32,-19,32.5,-25.5,9,2,1,6,6,,,,,,,,,,,,,,,,,,,,,,,,,,,,,,,,,,,
133,133,05/23/25,F,79,,,,,40,42,145.99,729.93,3.65,21,15,-17,-18,18,-17.5,5,4,1,5,5,,,,,,,,,,,,,,,,,,,,,,,,,,,,,,,,,,,
134,134,05/24/25,M,68,,,,,27,13,146.28,146.28,5.42,11,12,-31,-27,11.5,-29,10,1,-1,1,-1,,,,,,,,,,,,,,,,,,,,,,,,,,,,,,,,,,,
136,136,05/26/25,F,89,,,,,70,36,276.57,1935.98,3.95,17,27,-16,-7,22,-11.5,7,7,1,7,7,,,,,,,,,,,,,,,,,,,,,,,,,,,,,,,,,,,
137,137,05/27/25,F,75,,,,,86,87,76.69,383.45,0.89,20,10,-34,-19,15,-26.5,6,6,1,5,5,,,,,,,,,,,,,,,,,,,,,,,,,,,,,,,,,,,
140,140,05/30/25,M,27,,,,,130,90,93.32,466.6,0.72,34,33,-34,-21,33.5,-27.5,5,3,1,5,5,,,,,,,,,,,,,,,,,,,,,,,,,,,,,,,,,,,
141,141,05/31/25,M,78,,,,,97,45,344.16,172.08,3.55,16,26,-25,-8,21,-16.5,4,2,-1,2,-2,,,,,,,,,,,,,,,,,,,,,,,,,,,,,,,,,,,
143,143,06/02/25,F,55,,,,,117,98,672.6,3362.99,5.75,32,20,-34,-17,26,-25.5,9,6,1,5,5,,,,,,,,,,,,,,,,,,,,,,,,,,,,,,,,,,,
145,145,06/04/25,M,44,,,,,119,97,258.32,1549.9,2.17,9,10,-14,-23,9.5,-18.5,7,4,1,6,6,,,,,,,,,,,,,,,,,,,,,,,,,,,,,,,,,,,
148,148,06/07/25,F,49,,,,,132,93,54.73,273.67,0.41,22,20,-15,-10,21,-12.5,3,7,1,5,5,,,,,,,,,,,,,,,,,,,,,,,,,,,,,,,,,,,
154,154,06/13/25,F,76,,,,,94,57,146.26,146.26,1.56,31,22,-17,-35,26.5,-26,6,6,-1,1,-1,,,,,,,,,,,,,,,,,,,,,,,,,,,,,,,,,,,
155,155,06/14/25,F,52,,,,,27,19,15.14,105.95,0.56,34,10,-12,-31,22,-21.5,6,6,1,7,7,,,,,,,,,,,,,,,,,,,,,,,,,,,,,,,,,,,
156,156,06/15/25,F,39,,,,,127,88,777.1,3885.49,6.12,35,19,-26,-11,27,-18.5,6,7,1,5,5,,,,,,,,,,,,,,,,,,,,,,,,,,,,,,,,,,,
157,157,06/16/25,M,53,,,,,70,52,168.28,841.41,2.4,11,27,-26,-10,19,-18,7,1,1,5,5,,,,,,,,,,,,,,,,,,,,,,,,,,,,,,,,,,,
158,158,06/17/25,M,62,,,,,40,46,34.19,17.1,0.85,10,14,-33,-17,12,-25,8,1,-1,2,-2,,,,,,,,,,,,,,,,,,,,,,,,,,,,,,,,,,,
160,160,06/19/25,M,39,,,,,97,66,660.94,3304.68,6.81,33,34,-24,-33,33.5,-28.5,8,2,1,5,5,,,,,,,,,,,,,,,,,,,,,,,,,,,,,,,,,,,
161,161,06/20/25,M,82,,,,,94,69,271.8,1359.02,2.89,27,14,-24,-22,20.5,-23,9,6,1,5,5,,,,,,,,,,,,,,,,,,,,,,,,,,,,,,,,,,,
166,166,06/25/25,F,81,,,,,57,12,186.23,931.14,3.27,7,28,-14,-33,17.5,-23.5,8,6,1,5,5,,,,,,,,,,,,,,,,,,,,,,,,,,,,,,,,,,,
167,167,06/26/25,M,58,,,,,98,56,221.19,73.73,2.26,12,8,-10,-15,10,-12.5,1,2,-1,3,-3,,,,,,,,,,,,,,,,,,,,,,,,,,,,,,,,,,,
170,170,06/29/25,M,73,,,,,95,30,597.58,3585.47,6.29,19,32,-27,-33,25.5,-30,5,2,1,6,6,,,,,,,,,,,,,,,,,,,,,,,,,,,,,,,,,,,
171,171,06/30/25,F,86,,,,,128,71,694.56,4861.93,5.43,15,30,-18,-27,22.5,-22.5,6,5,1,7,7,,,,,,,,,,,,,,,,,,,,,,,,,,,,,,,,,,,
172,172,07/01/25,F,30,,,,,82,37,166.99,1001.94,2.04,32,18,-24,-17,25,-20.5,2,5,1,6,6,,,,,,,,,,,,,,,,,,,,,,,,,,,,,,,,,,,
174,174,07/03/25,M,65,,,,,104,71,170.15,85.08,1.64,27,27,-32,-30,27,-31,2,2,-1,2,-2,,,,,,,,,,,,,,,,,,,,,,,,,,,,,,,,,,,
176,176,07/05/25,M,84,,,,,56,25,165.03,825.16,2.95,33,31,-8,-22,32,-15,5,5,1,5,5,,,,,,,,,,,,,,,,,,,,,,,,,,,,,,,,,,,
178,178,07/07/25,F,60,,,,,54,23,66.56,332.8,1.23,20,14,-8,-20,17,-14,10,2,1,5,5,,,,,,,,,,,,,,,,,,,,,,,,,,,,,,,,,,,
180,180,07/09/25,F,60,,,,,81,27,270.05,1620.3,3.33,15,11,-15,-20,13,-17.5,1,3,1,6,6,,,,,,,,,,,,,,,,,,,,,,,,,,,,,,,,,,,
183,183,07/12/25,F,45,,,,,92,95,418.26,139.42,4.55,24,9,-19,-11,16.5,-15,8,4,-1,3,-3,,,,,,,,,,,,,,,,,,,,,,,,,,,,,,,,,,,
184,184,07/13/25,F,29,,,,,95,68,79.22,554.57,0.83,11,30,-30,-8,20.5,-19,3,4,1,7,7,,,,,,,,,,,,,,,,,,,,,,,,,,,,,,,,,,,
185,185,07/14/25,M,80,,,,,141,99,198.37,1190.23,1.41,12,7,-15,-25,9.5,-20,7,4,1,6,6,,,,,,,,,,,,,,,,,,,,,,,,,,,,,,,,,,,
190,190,07/19/25,M,87,,,,,122,73,295.11,1770.64,2.42,9,26,-17,-20,17.5,-18.5,9,3,1,6,6,,,,,,,,,,,,,,,,,,,,,,,,,,,,,,,,,,,
194,194,07/23/25,M,60,,,,,73,43,67.7,67.7,0.93,35,7,-20,-34,21,-27,1,7,-1,1,-1,,,,,,,,,,,,,,,,,,,,,,,,,,,,,,,,,,,
195,195,07/24/25,M,37,,,,,115,93,636.25,3817.49,5.53,19,26,-22,-7,22.5,-14.5,2,7,1,6,6,,,,,,,,,,,,,,,,,,,,,,,,,,,,,,,,,,,
196,196,07/25/25,M,39,,,,,85,57,58.59,292.96,0.69,32,26,-20,-29,29,-24.5,9,6,1,5,5,,,,,,,,,,,,,,,,,,,,,,,,,,,,,,,,,,,
197,197,07/26/25,F,21,,,,,26,14,47.61,285.63,1.83,7,15,-35,-26,11,-30.5,1,3,1,6,6,,,,,,,,,,,,,,,,,,,,,,,,,,,,,,,,,,,
198,198,07/27/25,F,27,,,,,145,82,397.15,397.15,2.74,24,7,-11,-12,15.5,-11.5,2,2,-1,1,-1,,,,,,,,,,,,,,,,,,,,,,,,,,,,,,,,,,,
199,199,07/28/25,F,79,,,,,83,49,94.77,473.84,1.14,30,10,-15,-35,20,-25,1,3,1,5,5,,,,,,,,,,,,,,,,,,,,,,,,,,,,,,,,,,,
201,201,07/30/25,M,75,,,,,111,69,867.31,4336.55,7.81,22,22,-17,-8,22,-12.5,2,4,1,5,5,,,,,,,,,,,,,,,,,,,,,,,,,,,,,,,,,,,
202,202,07/31/25,M,39,,,,,77,55,140.81,985.68,1.83,28,16,-25,-29,22,-27,3,7,1,7,7,,,,,,,,,,,,,,,,,,,,,,,,,,,,,,,,,,,
204,204,08/02/25,F,29,,,,,76,17,215.07,107.53,2.83,18,30,-27,-13,24,-20,3,2,-1,2,-2,,,,,,,,,,,,,,,,,,,,,,,,,,,,,,,,,,,
207,207,08/05/25,M,69,,,,,51,63,197.31,986.54,3.87,14,23,-17,-18,18.5,-17.5,5,4,1,5,5,,,,,,,,,,,,,,,,,,,,,,,,,,,,,,,,,,,
210,210,08/08/25,M,53,,,,,71,27,300.75,1804.5,4.24,24,10,-35,-30,17,-32.5,10,6,1,6,6,,,,,,,,,,,,,,,,,,,,,,,,,,,,,,,,,,,
213,213,08/11/25,F,47,,,,,104,46,330.92,1654.59,3.18,35,15,-15,-21,25,-18,8,4,1,5,5,,,,,,,,,,,,,,,,,,,,,,,,,,,,,,,,,,,
214,214,08/12/25,M,47,,,,,18,25,88.88,88.88,4.94,13,30,-23,-15,21.5,-19,1,4,-1,1,-1,,,,,,,,,,,,,,,,,,,,,,,,,,,,,,,,,,,
216,216,08/14/25,F,45,,,,,59,14,54.53,327.16,0.92,13,17,-15,-21,15,-18,8,7,1,6,6,,,,,,,,,,,,,,,,,,,,,,,,,,,,,,,,,,,
217,217,08/15/25,F,37,,,,,51,29,100.09,700.6,1.96,17,19,-24,-23,18,-23.5,5,4,1,7,7,,,,,,,,,,,,,,,,,,,,,,,,,,,,,,,,,,,
220,220,08/18/25,F,79,,,,,127,89,906.97,6348.81,7.14,30,18,-17,-30,24,-23.5,8,6,1,7,7,,,,,,,,,,,,,,,,,,,,,,,,,,,,,,,,,,,
222,222,08/20/25,F,27,,,,,105,87,408.33,136.11,3.89,34,14,-16,-19,24,-17.5,7,7,-1,3,-3,,,,,,,,,,,,,,,,,,,,,,,,,,,,,,,,,,,
223,223,08/21/25,M,89,,,,,64,43,339.68,2377.76,5.31,34,33,-12,-13,33.5,-12.5,7,2,1,7,7,,,,,,,,,,,,,,,,,,,,,,,,,,,,,,,,,,,
225,225,08/23/25,F,62,,,,,60,43,111.22,556.08,1.85,31,16,-22,-10,23.5,-16,5,4,1,5,5,,,,,,,,,,,,,,,,,,,,,,,,,,,,,,,,,,,
228,228,08/26/25,F,69,,,,,89,62,138.6,692.99,1.56,24,7,-11,-7,15.5,-9,6,4,1,5,5,,,,,,,,,,,,,,,,,,,,,,,,,,,,,,,,,,,
229,229,08/27/25,M,39,,,,,88,62,530.65,530.65,6.03,29,16,-34,-16,22.5,-25,9,7,-1,1,-1,,,,,,,,,,,,,,,,,,,,,,,,,,,,,,,,,,,
230,230,08/28/25,F,86,,,,,117,81,183.55,917.73,1.57,13,28,-28,-24,20.5,-26,8,1,1,5,5,,,,,,,,,,,,,,,,,,,,,,,,,,,,,,,,,,,
231,231,08/29/25,F,23,,,,,123,54,454.57,2727.4,3.7,29,31,-9,-25,30,-17,2,3,1,6,6,,,,,,,,,,,,,,,,,,,,,,,,,,,,,,,,,,,
232,232,08/30/25,F,29,,,,,98,96,573.99,2869.93,5.86,31,7,-18,-21,19,-19.5,1,7,1,5,5,,,,,,,,,,,,,,,,,,,,,,,,,,,,,,,,,,,
233,233,08/31/25,F,23,,,,,133,99,267.33,133.66,2.01,9,30,-18,-17,19.5,-17.5,7,1,-1,2,-2,,,,,,,,,,,,,,,,,,,,,,,,,,,,,,,,,,,
236,236,09/03/25,F,29,,,,,23,16,8.28,41.4,0.36,8,22,-12,-24,15,-18,10,6,1,5,5,,,,,,,,,,,,,,,,,,,,,,,,,,,,,,,,,,,
237,237,09/04/25,M,33,,,,,94,59,86.88,521.29,0.92,22,25,-16,-9,23.5,-12.5,6,5,1,6,6,,,,,,,,,,,,,,,,,,,,,,,,,,,,,,,,,,,
238,238,09/05/25,M,32,,,,,58,22,182.15,910.73,3.14,33,9,-13,-13,21,-13,5,7,1,5,5,,,,,,,,,,,,,,,,,,,,,,,,,,,,,,,,,,,
239,239,09/06/25,F,75,,,,,111,83,291.42,291.42,2.63,26,10,-21,-12,18,-16.5,6,5,-1,1,-1,,,,,,,,,,,,,,,,,,,,,,,,,,,,,,,,,,,
240,240,09/07/25,F,75,,,,,83,37,665.31,3326.56,8.02,7,7,-12,-23,7,-17.5,1,4,1,5,5,,,,,,,,,,,,,,,,,,,,,,,,,,,,,,,,,,,
241,241,09/08/25,M,49,,,,,59,42,50.72,355.06,0.86,26,10,-25,-18,18,-21.5,7,6,1,7,7,,,,,,,,,,,,,,,,,,,,,,,,,,,,,,,,,,,
242,242,09/09/25,M,87,,,,,139,75,84.99,424.95,0.61,16,29,-31,-14,22.5,-22.5,1,6,1,5,5,,,,,,,,,,,,,,,,,,,,,,,,,,,,,,,,,,,
244,244,09/11/25,F,87,,,,,73,39,508.58,508.58,6.97,24,8,-25,-9,16,-17,2,7,-1,1,-1,,,,,,,,,,,,,,,,,,,,,,,,,,,,,,,,,,,
245,245,09/12/25,F,19,,,,,102,43,269.15,1345.77,2.64,11,28,-21,-24,19.5,-22.5,9,3,1,5,5,,,,,,,,,,,,,,,,,,,,,,,,,,,,,,,,,,,
248,248,09/15/25,M,27,,,,,101,33,444.02,2664.1,4.4,26,22,-13,-19,24,-16,4,6,1,6,6,,,,,,,,,,,,,,,,,,,,,,,,,,,,,,,,,,,
249,249,09/16/25,M,88,,,,,87,14,128.82,644.08,1.48,14,16,-8,-22,15,-15,2,6,1,5,5,,,,,,,,,,,,,,,,,,,,,,,,,,,,,,,,,,,
252,252,09/19/25,M,48,,,,,111,59,341.34,170.67,3.08,7,30,-21,-12,18.5,-16.5,5,7,-1,2,-2,,,,,,,,,,,,,,,,,,,,,,,,,,,,,,,,,,,
253,253,09/20/25,F,55,,,,,134,85,1046.61,7326.26,7.81,33,27,-17,-25,30,-21,3,1,1,7,7,,,,,,,,,,,,,,,,,,,,,,,,,,,,,,,,,,,
254,254,09/21/25,M,89,,,,,114,73,821.26,4106.3,7.2,21,16,-33,-19,18.5,-26,2,3,1,5,5,,,,,,,,,,,,,,,,,,,,,,,,,,,,,,,,,,,
255,255,09/22/25,F,58,,,,,66,28,89.11,445.54,1.35,14,23,-27,-34,18.5,-30.5,9,6,1,5,5,,,,,,,,,,,,,,,,,,,,,,,,,,,,,,,,,,,
258,258,09/25/25,F,66,,,,,53,49,359.68,359.68,6.79,12,13,-33,-17,12.5,-25,5,4,-1,1,-1,,,,,,,,,,,,,,,,,,,,,,,,,,,,,,,,,,,
259,259,09/26/25,F,61,,,,,39,20,106.34,638.05,2.73,10,18,-20,-30,14,-25,3,4,1,6,6,,,,,,,,,,,,,,,,,,,,,,,,,,,,,,,,,,,
260,260,09/27/25,F,48,,,,,134,85,217.96,1525.75,1.63,23,28,-24,-10,25.5,-17,1,7,1,7,7,,,,,,,,,,,,,,,,,,,,,,,,,,,,,,,,,,,
261,261,09/28/25,F,85,,,,,148,100,106.95,641.7,0.72,8,11,-23,-24,9.5,-23.5,6,3,1,6,6,,,,,,,,,,,,,,,,,,,,,,,,,,,,,,,,,,,
263,263,09/30/25,F,28,,,,,53,49,283.29,141.65,5.35,24,29,-14,-8,26.5,-11,7,3,-1,2,-2,,,,,,,,,,,,,,,,,,,,,,,,,,,,,,,,,,,
264,264,10/01/25,F,73,,,,,140,98,1173.4,5867,8.38,12,15,-30,-9,13.5,-19.5,10,2,1,5,5,,,,,,,,,,,,,,,,,,,,,,,,,,,,,,,,,,,
265,265,10/02/25,F,19,,,,,103,95,368.57,2579.96,3.58,14,33,-23,-32,23.5,-27.5,8,7,1,7,7,,,,,,,,,,,,,,,,,,,,,,,,,,,,,,,,,,,
267,267,10/04/25,M,24,,,,,107,82,607.19,3035.94,5.67,24,8,-31,-13,16,-22,6,3,1,5,5,,,,,,,,,,,,,,,,,,,,,,,,,,,,,,,,,,,
268,268,10/05/25,F,58,,,,,110,71,863.48,431.74,7.85,19,25,-20,-18,22,-19,6,4,-1,2,-2,,,,,,,,,,,,,,,,,,,,,,,,,,,,,,,,,,,
269,269,10/06/25,M,26,,,,,105,54,322.67,1936.01,3.07,18,28,-13,-30,23,-21.5,8,1,1,6,6,,,,,,,,,,,,,,,,,,,,,,,,,,,,,,,,,,,
272,272,10/09/25,F,81,,,,,89,34,149.34,746.68,1.68,23,10,-10,-29,16.5,-19.5,10,4,1,5,5,,,,,,,,,,,,,,,,,,,,,,,,,,,,,,,,,,,
273,273,10/10/25,M,66,,,,,78,45,69,344.98,0.88,34,35,-10,-17,34.5,-13.5,6,3,1,5,5,,,,,,,,,,,,,,,,,,,,,,,,,,,,,,,,,,,
274,274,10/11/25,F,90,,,,,66,43,12.72,6.36,0.19,24,18,-19,-17,21,-18,2,4,-1,2,-2,,,,,,,,,,,,,,,,,,,,,,,,,,,,,,,,,,,
275,275,10/12/25,M,47,,,,,72,56,260.68,1564.05,3.62,17,25,-26,-28,21,-27,7,4,1,6,6,,,,,,,,,,,,,,,,,,,,,,,,,,,,,,,,,,,
276,276,10/13/25,F,20,,,,,78,29,406.56,2032.82,5.21,8,10,-16,-33,9,-24.5,9,6,1,5,5,,,,,,,,,,,,,,,,,,,,,,,,,,,,,,,,,,,
277,277,10/14/25,F,19,,,,,82,51,374.34,2246.03,4.57,21,11,-11,-17,16,-14,2,1,1,6,6,,,,,,,,,,,,,,,,,,,,,,,,,,,,,,,,,,,
279,279,10/16/25,F,76,,,,,142,80,738.71,738.71,5.2,31,31,-23,-23,31,-23,8,3,-1,1,-1,,,,,,,,,,,,,,,,,,,,,,,,,,,,,,,,,,,
281,281,10/18/25,F,22,,,,,49,20,19.55,136.82,0.4,10,30,-7,-20,20,-13.5,8,7,1,7,7,,,,,,,,,,,,,,,,,,,,,,,,,,,,,,,,,,,
282,282,10/19/25,F,38,,,,,137,100,213.75,1282.52,1.56,26,19,-18,-24,22.5,-21,8,3,1,6,6,,,,,,,,,,,,,,,,,,,,,,,,,,,,,,,,,,,
283,283,10/20/25,F,71,,,,,151,85,1364.03,9548.23,9.03,17,35,-14,-32,26,-23,8,6,1,7,7,,,,,,,,,,,,,,,,,,,,,,,,,,,,,,,,,,,
286,286,10/23/25,F,70,,,,,85,50,197.58,98.79,2.32,23,13,-21,-23,18,-22,6,2,-1,2,-2,,,,,,,,,,,,,,,,,,,,,,,,,,,,,,,,,,,
289,289,10/26/25,M,47,,,,,24,19,10.72,53.6,0.45,25,18,-28,-33,21.5,-30.5,6,7,1,5,5,,,,,,,,,,,,,,,,,,,,,,,,,,,,,,,,,,,
292,292,10/29/25,M,30,,,,,68,30,19.56,136.92,0.29,30,34,-20,-29,32,-24.5,6,1,1,7,7,,,,,,,,,,,,,,,,,,,,,,,,,,,,,,,,,,,
293,293,10/30/25,F,81,,,,,116,61,695.41,3477.03,5.99,27,26,-7,-9,26.5,-8,9,6,1,5,5,,,,,,,,,,,,,,,,,,,,,,,,,,,,,,,,,,,
294,294,10/31/25,F,30,,,,,80,37,111.68,37.23,1.4,12,29,-25,-35,20.5,-30,3,6,-1,3,-3,,,,,,,,,,,,,,,,,,,,,,,,,,,,,,,,,,,
295,295,11/01/25,F,21,,,,,130,94,542.07,3252.4,4.17,7,30,-14,-24,18.5,-19,6,4,1,6,6,,,,,,,,,,,,,,,,,,,,,,,,,,,,,,,,,,,
297,297,11/03/25,F,18,,,,,92,56,391.6,2741.19,4.26,26,24,-22,-18,25,-20,7,3,1,7,7,,,,,,,,,,,,,,,,,,,,,,,,,,,,,,,,,,,
298,298,11/04/25,F,83,,,,,76,40,366.79,2200.73,4.83,28,28,-35,-32,28,-33.5,5,1,1,6,6,,,,,,,,,,,,,,,,,,,,,,,,,,,,,,,,,,,
299,299,11/05/25,M,78,,,,,133,68,911.42,303.81,6.85,23,33,-32,-13,28,-22.5,9,7,-1,3,-3,,,,,,,,,,,,,,,,,,,,,,,,,,,,,,,,,,,
300,300,11/06/25,F,18,,,,,121,81,112.72,676.34,0.93,8,13,-34,-18,10.5,-26,6,6,1,6,6,,,,,,,,,,,,,,,,,,,,,,,,,,,,,,,,,,,
302,302,11/08/25,F,20,,,,,91,42,7.72,46.31,0.08,16,25,-29,-20,20.5,-24.5,8,1,1,6,6,,,,,,,,,,,,,,,,,,,,,,,,,,,,,,,,,,,
303,303,11/09/25,F,41,,,,,93,65,324.23,1945.35,3.49,30,20,-25,-23,25,-24,6,5,1,6,6,,,,,,,,,,,,,,,,,,,,,,,,,,,,,,,,,,,
305,305,11/11/25,F,44,,,,,59,21,143.51,47.84,2.43,18,29,-29,-28,23.5,-28.5,3,3,-1,3,-3,,,,,,,,,,,,,,,,,,,,,,,,,,,,,,,,,,,
306,306,11/12/25,F,68,,,,,111,81,758.81,4552.85,6.84,22,12,-10,-8,17,-9,4,6,1,6,6,,,,,,,,,,,,,,,,,,,,,,,,,,,,,,,,,,,
307,307,11/13/25,F,61,,,,,75,42,2.52,15.09,0.03,8,25,-30,-27,16.5,-28.5,3,2,1,6,6,,,,,,,,,,,,,,,,,,,,,,,,,,,,,,,,,,,
308,308,11/14/25,M,60,,,,,83,19,182.75,913.77,2.2,23,35,-10,-15,29,-12.5,4,4,1,5,5,,,,,,,,,,,,,,,,,,,,,,,,,,,,,,,,,,,
309,309,11/15/25,F,82,,,,,71,66,192.03,64.01,2.7,17,31,-7,-17,24,-12,8,7,-1,3,-3,,,,,,,,,,,,,,,,,,,,,,,,,,,,,,,,,,,
311,311,11/17/25,F,30,,,,,145,79,53.8,322.79,0.37,20,13,-9,-14,16.5,-11.5,9,5,1,6,6,,,,,,,,,,,,,,,,,,,,,,,,,,,,,,,,,,,
312,312,11/18/25,F,74,,,,,108,70,3.01,21.1,0.03,8,16,-33,-28,12,-30.5,7,5,1,7,7,,,,,,,,,,,,,,,,,,,,,,,,,,,,,,,,,,,
314,314,11/20/25,M,51,,,,,158,99,648.49,3890.93,4.1,11,17,-25,-28,14,-26.5,2,6,1,6,6,,,,,,,,,,,,,,,,,,,,,,,,,,,,,,,,,,,
315,315,11/21/25,F,62,,,,,77,68,31.25,15.62,0.41,11,17,-21,-23,14,-22,7,4,-1,2,-2,,,,,,,,,,,,,,,,,,,,,,,,,,,,,,,,,,,
316,316,11/22/25,M,57,,,,,106,71,410.33,2872.29,3.87,22,27,-30,-33,24.5,-31.5,1,1,1,7,7,,,,,,,,,,,,,,,,,,,,,,,,,,,,,,,,,,,
319,319,11/25/25,F,54,,,,,87,47,228.51,1371.04,2.63,20,18,-20,-31,19,-25.5,1,6,1,6,6,,,,,,,,,,,,,,,,,,,,,,,,,,,,,,,,,,,
320,320,11/26/25,M,90,,,,,156,98,494.8,3463.6,3.17,27,13,-18,-23,20,-20.5,1,4,1,7,7,,,,,,,,,,,,,,,,,,,,,,,,,,,,,,,,,,,
322,322,11/28/25,M,35,,,,,98,80,921.97,921.97,9.41,35,35,-14,-18,35,-16,8,2,-1,1,-1,,,,,,,,,,,,,,,,,,,,,,,,,,,,,,,,,,,
324,324,11/30/25,F,63,,,,,123,57,220.46,1543.24,1.79,15,24,-14,-24,19.5,-19,7,5,1,7,7,,,,,,,,,,,,,,,,,,,,,,,,,,,,,,,,,,,
325,325,12/01/25,M,52,,,,,83,33,230.56,1152.8,2.78,16,26,-30,-17,21,-23.5,8,1,1,5,5,,,,,,,,,,,,,,,,,,,,,,,,,,,,,,,,,,,
330,330,12/06/25,F,80,,,,,107,43,883.89,5303.31,8.26,14,12,-21,-11,13,-16,10,7,1,6,6,,,,,,,,,,,,,,,,,,,,,,,,,,,,,,,,,,,
331,331,12/07/25,F,84,,,,,101,34,46.48,15.49,0.46,14,34,-22,-28,24,-25,1,2,-1,3,-3,,,,,,,,,,,,,,,,,,,,,,,,,,,,,,,,,,,
332,332,12/08/25,F,71,,,,,153,98,223.71,1565.94,1.46,9,22,-22,-29,15.5,-25.5,2,2,1,7,7,,,,,,,,,,,,,,,,,,,,,,,,,,,,,,,,,,,
334,334,12/10/25,M,89,,,,,91,31,263.06,1841.39,2.89,8,28,-17,-34,18,-25.5,3,5,1,7,7,,,,,,,,,,,,,,,,,,,,,,,,,,,,,,,,,,,
335,335,12/11/25,F,57,,,,,130,97,249.44,1496.66,1.92,11,31,-16,-12,21,-14,3,7,1,6,6,,,,,,,,,,,,,,,,,,,,,,,,,,,,,,,,,,,
337,337,12/13/25,F,69,,,,,79,53,337.57,112.52,4.27,34,28,-20,-14,31,-17,2,5,-1,3,-3,,,,,,,,,,,,,,,,,,,,,,,,,,,,,,,,,,,
339,339,12/15/25,M,82,,,,,52,39,258.65,1293.23,4.97,20,7,-22,-24,13.5,-23,7,5,1,5,5,,,,,,,,,,,,,,,,,,,,,,,,,,,,,,,,,,,
340,340,12/16/25,M,48,,,,,94,74,562.97,3940.82,5.99,17,30,-17,-22,23.5,-19.5,5,3,1,7,7,,,,,,,,,,,,,,,,,,,,,,,,,,,,,,,,,,,
341,341,12/17/25,M,76,,,,,66,37,329.68,1978.08,5,28,7,-14,-10,17.5,-12,8,6,1,6,6,,,,,,,,,,,,,,,,,,,,,,,,,,,,,,,,,,,
342,342,12/18/25,F,30,,,,,39,10,78.89,26.3,2.02,23,29,-15,-11,26,-13,7,2,-1,3,-3,,,,,,,,,,,,,,,,,,,,,,,,,,,,,,,,,,,
343,343,12/19/25,M,60,,,,,38,41,296.7,2076.91,7.81,8,25,-35,-35,16.5,-35,3,3,1,7,7,,,,,,,,,,,,,,,,,,,,,,,,,,,,,,,,,,,
345,345,12/21/25,M,70,,,,,49,55,138.78,832.69,2.83,35,31,-32,-23,33,-27.5,7,3,1,6,6,,,,,,,,,,,,,,,,,,,,,,,,,,,,,,,,,,,
347,347,12/23/25,F,70,,,,,64,35,97.53,585.2,1.52,20,23,-29,-23,21.5,-26,6,1,1,6,6,,,,,,,,,,,,,,,,,,,,,,,,,,,,,,,,,,,
348,348,12/24/25,M,39,,,,,105,72,711.95,237.32,6.78,34,34,-26,-8,34,-17,3,7,-1,3,-3,,,,,,,,,,,,,,,,,,,,,,,,,,,,,,,,,,,
349,349,12/25/25,M,36,,,,,85,62,358.89,2153.32,4.22,26,13,-23,-29,19.5,-26,7,3,1,6,6,,,,,,,,,,,,,,,,,,,,,,,,,,,,,,,,,,,
350,350,12/26/25,F,38,,,,,64,29,354.02,1770.08,5.53,35,30,-9,-13,32.5,-11,8,5,1,5,5,,,,,,,,,,,,,,,,,,,,,,,,,,,,,,,,,,,
351,351,12/27/25,F,83,,,,,61,13,1.94,9.69,0.03,24,35,-25,-29,29.5,-27,7,3,1,5,5,,,,,,,,,,,,,,,,,,,,,,,,,,,,,,,,,,,
353,353,12/29/25,F,34,,,,,11,10,45.52,15.17,4.14,17,16,-28,-8,16.5,-18,4,7,-1,3,-3,,,,,,,,,,,,,,,,,,,,,,,,,,,,,,,,,,,
354,354,12/30/25,M,71,,,,,92,51,124.04,744.21,1.35,33,16,-8,-9,24.5,-8.5,9,2,1,6,6,,,,,,,,,,,,,,,,,,,,,,,,,,,,,,,,,,,
355,355,12/31/25,M,67,,,,,125,91,861.23,5167.38,6.89,29,17,-23,-16,23,-19.5,10,6,1,6,6,,,,,,,,,,,,,,,,,,,,,,,,,,,,,,,,,,,
356,356,01/01/26,F,87,,,,,125,97,94.5,472.49,0.76,23,16,-14,-17,19.5,-15.5,7,4,1,5,5,,,,,,,,,,,,,,,,,,,,,,,,,,,,,,,,,,,
357,357,01/02/26,F,45,,,,,82,21,145.48,48.49,1.77,15,34,-32,-7,24.5,-19.5,5,2,-1,3,-3,,,,,,,,,,,,,,,,,,,,,,,,,,,,,,,,,,,
358,358,01/03/26,F,20,,,,,74,19,59.61,298.05,0.81,28,20,-13,-35,24,-24,4,3,1,5,5,,,,,,,,,,,,,,,,,,,,,,,,,,,,,,,,,,,
359,359,01/04/26,M,36,,,,,120,84,123.52,617.6,1.03,8,32,-10,-16,20,-13,5,4,1,5,5,,,,,,,,,,,,,,,,,,,,,,,,,,,,,,,,,,,
361,361,01/06/26,F,56,,,,,38,15,82.68,413.39,2.18,19,11,-30,-8,15,-19,8,6,1,5,5,,,,,,,,,,,,,,,,,,,,,,,,,,,,,,,,,,,
364,364,01/09/26,M,73,,,,,96,41,47.18,23.59,0.49,34,26,-32,-32,30,-32,9,7,-1,2,-2,,,,,,,,,,,,,,,,,,,,,,,,,,,,,,,,,,,
365,365,01/10/26,F,35,,,,,102,34,441.33,2647.99,4.33,9,7,-35,-8,8,-21.5,4,7,1,6,6,,,,,,,,,,,,,,,,,,,,,,,,,,,,,,,,,,,
370,370,01/15/26,F,72,,,,,124,90,177.88,1067.3,1.43,35,16,-30,-9,25.5,-19.5,4,6,1,6,6,,,,,,,,,,,,,,,,,,,,,,,,,,,,,,,,,,,
372,372,01/17/26,M,35,,,,,128,92,198.85,1193.09,1.55,7,17,-17,-32,12,-24.5,3,6,1,6,6,,,,,,,,,,,,,,,,,,,,,,,,,,,,,,,,,,,
373,373,01/18/26,F,75,,,,,85,60,764.4,254.8,8.99,21,15,-9,-19,18,-14,1,5,-1,3,-3,,,,,,,,,,,,,,,,,,,,,,,,,,,,,,,,,,,
375,375,01/20/26,F,22,,,,,86,59,759.28,5314.99,8.83,20,10,-28,-13,15,-20.5,9,7,1,7,7,,,,,,,,,,,,,,,,,,,,,,,,,,,,,,,,,,,
378,378,01/23/26,M,87,,,,,37,13,2.76,13.82,0.07,14,33,-31,-27,23.5,-29,6,6,1,5,5,,,,,,,,,,,,,,,,,,,,,,,,,,,,,,,,,,,
380,380,01/25/26,F,65,,,,,80,46,589.26,3535.57,7.37,26,9,-21,-9,17.5,-15,3,6,1,6,6,,,,,,,,,,,,,,,,,,,,,,,,,,,,,,,,,,,
382,382,01/27/26,F,31,,,,,95,91,786.9,262.3,8.28,28,15,-10,-25,21.5,-17.5,10,6,-1,3,-3,,,,,,,,,,,,,,,,,,,,,,,,,,,,,,,,,,,
383,383,01/28/26,F,87,,,,,128,75,106.34,744.35,0.83,26,23,-31,-27,24.5,-29,2,7,1,7,7,,,,,,,,,,,,,,,,,,,,,,,,,,,,,,,,,,,
387,387,02/01/26,F,37,,,,,62,51,423.27,2116.33,6.83,35,28,-26,-26,31.5,-26,1,6,1,5,5,,,,,,,,,,,,,,,,,,,,,,,,,,,,,,,,,,,
389,389,02/03/26,M,22,,,,,105,37,410.12,2460.73,3.91,8,8,-15,-19,8,-17,3,2,1,6,6,,,,,,,,,,,,,,,,,,,,,,,,,,,,,,,,,,,
391,391,02/05/26,F,28,,,,,92,43,71.23,35.62,0.77,8,17,-10,-26,12.5,-18,4,5,-1,2,-2,,,,,,,,,,,,,,,,,,,,,,,,,,,,,,,,,,,
395,395,02/09/26,M,52,,,,,72,38,311.6,1869.62,4.33,8,23,-21,-15,15.5,-18,10,5,1,6,6,,,,,,,,,,,,,,,,,,,,,,,,,,,,,,,,,,,
396,396,02/10/26,M,70,,,,,82,85,242.06,1452.38,2.95,29,13,-11,-14,21,-12.5,7,3,1,6,6,,,,,,,,,,,,,,,,,,,,,,,,,,,,,,,,,,,
399,399,02/13/26,M,37,,,,,60,28,100.88,605.31,1.68,27,34,-31,-21,30.5,-26,10,1,1,6,6,,,,,,,,,,,,,,,,,,,,,,,,,,,,,,,,,,,
400,400,02/14/26,M,72,,,,,42,26,281.26,140.63,6.7,29,30,-28,-21,29.5,-24.5,1,1,-1,2,-2,,,,,,,,,,,,,,,,,,,,,,,,,,,,,,,,,,,
402,402,02/16/26,F,54,,,,,84,73,12.17,85.2,0.14,18,23,-10,-33,20.5,-21.5,1,1,1,7,7,,,,,,,,,,,,,,,,,,,,,,,,,,,,,,,,,,,
403,403,02/17/26,M,62,,,,,127,91,297.36,1784.18,2.34,10,24,-31,-22,17,-26.5,5,7,1,6,6,,,,,,,,,,,,,,,,,,,,,,,,,,,,,,,,,,,
404,404,02/18/26,F,18,,,,,84,85,396.23,2377.36,4.72,30,33,-21,-14,31.5,-17.5,3,5,1,6,6,,,,,,,,,,,,,,,,,,,,,,,,,,,,,,,,,,,
405,405,02/19/26,F,52,,,,,105,99,306.15,306.15,2.92,24,15,-34,-8,19.5,-21,7,4,-1,1,-1,,,,,,,,,,,,,,,,,,,,,,,,,,,,,,,,,,,
406,406,02/20/26,M,87,,,,,11,11,50.36,352.49,4.58,20,7,-32,-15,13.5,-23.5,2,4,1,7,7,,,,,,,,,,,,,,,,,,,,,,,,,,,,,,,,,,,
407,407,02/21/26,F,64,,,,,129,81,1.38,9.64,0.01,8,15,-17,-14,11.5,-15.5,7,3,1,7,7,,,,,,,,,,,,,,,,,,,,,,,,,,,,,,,,,,,
412,412,02/26/26,M,46,,,,,85,94,106.88,641.28,1.26,8,12,-28,-35,10,-31.5,3,4,1,6,6,,,,,,,,,,,,,,,,,,,,,,,,,,,,,,,,,,,
413,413,02/27/26,M,27,,,,,41,25,77.27,25.76,1.88,33,24,-21,-14,28.5,-17.5,10,7,-1,3,-3,,,,,,,,,,,,,,,,,,,,,,,,,,,,,,,,,,,
414,414,02/28/26,M,60,,,,,59,26,307.85,2154.92,5.22,27,21,-16,-19,24,-17.5,9,3,1,7,7,,,,,,,,,,,,,,,,,,,,,,,,,,,,,,,,,,,
415,415,03/01/26,F,49,,,,,66,57,25.84,129.22,0.39,24,18,-22,-22,21,-22,8,1,1,5,5,,,,,,,,,,,,,,,,,,,,,,,,,,,,,,,,,,,
416,416,03/02/26,M,82,,,,,61,31,51.15,358.06,0.84,8,14,-19,-16,11,-17.5,4,4,1,7,7,,,,,,,,,,,,,,,,,,,,,,,,,,,,,,,,,,,
418,418,03/04/26,F,88,,,,,100,70,520.11,520.11,5.2,12,30,-30,-25,21,-27.5,5,5,-1,1,-1,,,,,,,,,,,,,,,,,,,,,,,,,,,,,,,,,,,
421,421,03/07/26,F,52,,,,,84,91,51.83,310.97,0.62,15,34,-23,-28,24.5,-25.5,7,3,1,6,6,,,,,,,,,,,,,,,,,,,,,,,,,,,,,,,,,,,
425,425,03/11/26,M,26,,,,,90,53,77.92,545.45,0.87,18,27,-8,-16,22.5,-12,7,4,1,7,7,,,,,,,,,,,,,,,,,,,,,,,,,,,,,,,,,,,
427,427,03/13/26,F,25,,,,,45,47,13.95,83.68,0.31,22,17,-14,-8,19.5,-11,10,4,1,6,6,,,,,,,,,,,,,,,,,,,,,,,,,,,,,,,,,,,
428,428,03/14/26,F,56,,,,,87,48,828.41,414.21,9.52,24,29,-19,-35,26.5,-27,10,3,-1,2,-2,,,,,,,,,,,,,,,,,,,,,,,,,,,,,,,,,,,
429,429,03/15/26,F,24,,,,,6,12,5.62,39.37,0.94,11,15,-33,-7,13,-20,6,7,1,7,7,,,,,,,,,,,,,,,,,,,,,,,,,,,,,,,,,,,
430,430,03/16/26,F,69,,,,,111,77,114.55,801.87,1.03,31,23,-33,-33,27,-33,10,2,1,7,7,,,,,,,,,,,,,,,,,,,,,,,,,,,,,,,,,,,
431,431,03/17/26,F,35,,,,,22,28,38.95,233.68,1.77,10,31,-28,-30,20.5,-29,3,5,1,6,6,,,,,,,,,,,,,,,,,,,,,,,,,,,,,,,,,,,
432,432,03/18/26,M,73,,,,,83,78,255.35,255.35,3.08,23,13,-35,-12,18,-23.5,3,5,-1,1,-1,,,,,,,,,,,,,,,,,,,,,,,,,,,,,,,,,,,
434,434,03/20/26,F,26,,,,,110,62,900.84,6305.88,8.19,29,9,-20,-32,19,-26,9,3,1,7,7,,,,,,,,,,,,,,,,,,,,,,,,,,,,,,,,,,,
435,435,03/21/26,M,58,,,,,77,49,142.9,1000.33,1.86,13,12,-22,-23,12.5,-22.5,5,6,1,7,7,,,,,,,,,,,,,,,,,,,,,,,,,,,,,,,,,,,
439,439,03/25/26,F,71,,,,,68,35,139.21,835.25,2.05,10,12,-14,-21,11,-17.5,8,4,1,6,6,,,,,,,,,,,,,,,,,,,,,,,,,,,,,,,,,,,
442,442,03/28/26,F,77,,,,,95,68,60.74,30.37,0.64,35,10,-31,-16,22.5,-23.5,7,7,-1,2,-2,,,,,,,,,,,,,,,,,,,,,,,,,,,,,,,,,,,
443,443,03/29/26,F,62,,,,,115,65,262.33,1573.97,2.28,26,18,-25,-17,22,-21,9,5,1,6,6,,,,,,,,,,,,,,,,,,,,,,,,,,,,,,,,,,,
444,444,03/30/26,F,65,,,,,85,65,189.41,1136.45,2.23,14,16,-29,-35,15,-32,7,6,1,6,6,,,,,,,,,,,,,,,,,,,,,,,,,,,,,,,,,,,
446,446,04/01/26,M,87,,,,,77,65,529.23,3175.4,6.87,10,24,-19,-28,17,-23.5,2,7,1,6,6,,,,,,,,,,,,,,,,,,,,,,,,,,,,,,,,,,,
447,447,04/02/26,F,46,,,,,142,93,84.5,42.25,0.6,26,22,-25,-24,24,-24.5,8,7,-1,2,-2,,,,,,,,,,,,,,,,,,,,,,,,,,,,,,,,,,,
448,448,04/03/26,F,53,,,,,98,66,16.62,116.31,0.17,20,11,-31,-33,15.5,-32,3,3,1,7,7,,,,,,,,,,,,,,,,,,,,,,,,,,,,,,,,,,,
451,451,04/06/26,F,77,,,,,79,41,422.65,2535.89,5.35,17,34,-28,-22,25.5,-25,4,5,1,6,6,,,,,,,,,,,,,,,,,,,,,,,,,,,,,,,,,,,
456,456,04/11/26,F,67,,,,,157,92,77.81,389.04,0.5,11,26,-33,-18,18.5,-25.5,1,5,1,5,5,,,,,,,,,,,,,,,,,,,,,,,,,,,,,,,,,,,
458,458,04/13/26,F,88,,,,,79,55,387.99,387.99,4.91,27,34,-20,-17,30.5,-18.5,4,7,-1,1,-1,,,,,,,,,,,,,,,,,,,,,,,,,,,,,,,,,,,
459,459,04/14/26,F,72,,,,,105,72,146.3,1024.08,1.39,27,24,-26,-15,25.5,-20.5,10,2,1,7,7,,,,,,,,,,,,,,,,,,,,,,,,,,,,,,,,,,,
460,460,04/15/26,F,26,,,,,26,23,10.36,62.14,0.4,22,7,-24,-14,14.5,-19,6,5,1,6,6,,,,,,,,,,,,,,,,,,,,,,,,,,,,,,,,,,,
462,462,04/17/26,M,79,,,,,46,34,257.44,1802.11,5.6,8,20,-22,-33,14,-27.5,7,6,1,7,7,,,,,,,,,,,,,,,,,,,,,,,,,,,,,,,,,,,
463,463,04/18/26,F,24,,,,,32,17,34.79,11.6,1.09,8,34,-16,-25,21,-20.5,4,6,-1,3,-3,,,,,,,,,,,,,,,,,,,,,,,,,,,,,,,,,,,
464,464,04/19/26,F,49,,,,,71,30,16.04,80.2,0.23,17,17,-14,-7,17,-10.5,7,1,1,5,5,,,,,,,,,,,,,,,,,,,,,,,,,,,,,,,,,,,
465,465,04/20/26,M,59,,,,,101,88,916.06,5496.35,9.07,7,25,-26,-11,16,-18.5,1,2,1,6,6,,,,,,,,,,,,,,,,,,,,,,,,,,,,,,,,,,,
469,469,04/24/26,M,18,,,,,152,97,487.54,3412.75,3.21,22,23,-27,-16,22.5,-21.5,10,1,1,7,7,,,,,,,,,,,,,,,,,,,,,,,,,,,,,,,,,,,
470,470,04/25/26,M,51,,,,,50,25,39.76,19.88,0.8,17,20,-27,-26,18.5,-26.5,1,5,-1,2,-2,,,,,,,,,,,,,,,,,,,,,,,,,,,,,,,,,,,
471,471,04/26/26,F,26,,,,,57,45,10.8,54.01,0.19,8,12,-24,-32,10,-28,5,3,1,5,5,,,,,,,,,,,,,,,,,,,,,,,,,,,,,,,,,,,
472,472,04/27/26,M,63,,,,,33,34,269.91,1619.46,8.18,26,12,-12,-22,19,-17,9,6,1,6,6,,,,,,,,,,,,,,,,,,,,,,,,,,,,,,,,,,,
473,473,04/28/26,M,47,,,,,88,76,577.97,4045.8,6.57,24,26,-29,-12,25,-20.5,7,4,1,7,7,,,,,,,,,,,,,,,,,,,,,,,,,,,,,,,,,,,
474,474,04/29/26,M,70,,,,,145,95,365.94,365.94,2.52,33,8,-18,-8,20.5,-13,2,6,-1,1,-1,,,,,,,,,,,,,,,,,,,,,,,,,,,,,,,,,,,
475,475,04/30/26,M,54,,,,,89,58,250.85,1254.23,2.82,10,16,-15,-13,13,-14,1,1,1,5,5,,,,,,,,,,,,,,,,,,,,,,,,,,,,,,,,,,,
476,476,05/01/26,F,35,,,,,83,29,410.49,2052.47,4.95,12,26,-34,-23,19,-28.5,6,3,1,5,5,,,,,,,,,,,,,,,,,,,,,,,,,,,,,,,,,,,
477,477,05/02/26,M,85,,,,,80,52,799,4794.01,9.99,20,26,-30,-21,23,-25.5,6,1,1,6,6,,,,,,,,,,,,,,,,,,,,,,,,,,,,,,,,,,,
478,478,05/03/26,F,23,,,,,110,50,497.27,248.63,4.52,26,12,-26,-23,19,-24.5,1,6,-1,2,-2,,,,,,,,,,,,,,,,,,,,,,,,,,,,,,,,,,,
480,480,05/05/26,M,68,,,,,73,64,24.67,148.03,0.34,16,25,-27,-33,20.5,-30,1,4,1,6,6,,,,,,,,,,,,,,,,,,,,,,,,,,,,,,,,,,,
481,481,05/06/26,F,59,,,,,132,98,980.8,5884.77,7.43,24,23,-9,-13,23.5,-11,4,2,1,6,6,,,,,,,,,,,,,,,,,,,,,,,,,,,,,,,,,,,
484,484,05/09/26,F,45,,,,,30,38,258.73,1293.64,8.62,24,30,-17,-32,27,-24.5,10,2,1,5,5,,,,,,,,,,,,,,,,,,,,,,,,,,,,,,,,,,,
485,485,05/10/26,F,31,,,,,89,50,504.64,504.64,5.67,29,26,-9,-28,27.5,-18.5,8,7,-1,1,-1,,,,,,,,,,,,,,,,,,,,,,,,,,,,,,,,,,,
487,487,05/12/26,F,32,,,,,74,57,478.87,2394.36,6.47,11,10,-19,-24,10.5,-21.5,9,3,1,5,5,,,,,,,,,,,,,,,,,,,,,,,,,,,,,,,,,,,
490,490,05/15/26,F,66,,,,,152,97,4.19,25.15,0.03,8,33,-33,-14,20.5,-23.5,7,2,1,6,6,,,,,,,,,,,,,,,,,,,,,,,,,,,,,,,,,,,
491,491,05/16/26,M,36,,,,,105,67,262.38,1574.3,2.5,22,12,-24,-23,17,-23.5,10,2,1,6,6,,,,,,,,,,,,,,,,,,,,,,,,,,,,,,,,,,,
492,492,05/17/26,M,41,,,,,96,47,92.34,30.78,0.96,23,32,-28,-7,27.5,-17.5,2,7,-1,3,-3,,,,,,,,,,,,,,,,,,,,,,,,,,,,,,,,,,,
493,493,05/18/26,M,53,,,,,88,47,6.81,34.07,0.08,33,15,-25,-7,24,-16,5,7,1,5,5,,,,,,,,,,,,,,,,,,,,,,,,,,,,,,,,,,,
494,494,05/19/26,F,52,,,,,69,72,424.64,2972.49,6.15,30,27,-32,-7,28.5,-19.5,10,5,1,7,7,,,,,,,,,,,,,,,,,,,,,,,,,,,,,,,,,,,
497,497,05/22/26,M,26,,,,,58,37,119.83,838.81,2.07,31,29,-26,-31,30,-28.5,9,2,1,7,7,,,,,,,,,,,,,,,,,,,,,,,,,,,,,,,,,,,
498,498,05/23/26,M,70,,,,,123,62,499.32,249.66,4.06,32,34,-17,-8,33,-12.5,10,6,-1,2,-2,,,,,,,,,,,,,,,,,,,,,,,,,,,,,,,,,,,
499,499,05/24/26,M,59,,,,,59,33,66.46,398.75,1.13,24,14,-18,-26,19,-22,9,1,1,6,6,,,,,,,,,,,,,,,,,,,,,,,,,,,,,,,,,,,
